-- phpMyAdmin SQL Dump
-- version 4.8.4
-- https://www.phpmyadmin.net/
--
-- Hôte : 127.0.0.1:3306
-- Généré le :  lun. 27 mai 2019 à 09:50
-- Version du serveur :  5.7.24
-- Version de PHP :  7.2.14

SET SQL_MODE = "NO_AUTO_VALUE_ON_ZERO";
SET AUTOCOMMIT = 0;
START TRANSACTION;
SET time_zone = "+00:00";


/*!40101 SET @OLD_CHARACTER_SET_CLIENT=@@CHARACTER_SET_CLIENT */;
/*!40101 SET @OLD_CHARACTER_SET_RESULTS=@@CHARACTER_SET_RESULTS */;
/*!40101 SET @OLD_COLLATION_CONNECTION=@@COLLATION_CONNECTION */;
/*!40101 SET NAMES utf8mb4 */;

--
-- Base de données :  `boulderdash`
--
CREATE DATABASE IF NOT EXISTS `boulderdash` DEFAULT CHARACTER SET latin1 COLLATE latin1_swedish_ci;
USE `boulderdash`;

DELIMITER $$
--
-- Procédures
--
DROP PROCEDURE IF EXISTS `getElementbyXY`$$
CREATE DEFINER=`root`@`localhost` PROCEDURE `getElementbyXY` ()  BEGIN
	SELECT map.map, location.x, location.y, element.sprite_ref, sprite
    FROM location, space, element, map
    WHERE location.x=x AND location.y=y AND location.id=space.id_location AND space.sprite_ref=element.sprite_ref AND space.id=id_map AND space.id=map.id;
END$$

DROP PROCEDURE IF EXISTS `getMap`$$
CREATE DEFINER=`root`@`localhost` PROCEDURE `getMap` ()  BEGIN
	SELECT map.map, map.length, map.width, map.goal FROM map WHERE map.map = mapname;
END$$

DROP PROCEDURE IF EXISTS `getMapId`$$
CREATE DEFINER=`root`@`localhost` PROCEDURE `getMapId` (`mapname` VARCHAR(255))  BEGIN
	SELECT map.id FROM map WHERE map.map = mapname;
END$$

DROP PROCEDURE IF EXISTS `getSize`$$
CREATE DEFINER=`root`@`localhost` PROCEDURE `getSize` (`mapid` INT)  BEGIN
	SELECT length, width FROM map WHERE map.id = mapid;
END$$

DROP PROCEDURE IF EXISTS `getSprite`$$
CREATE DEFINER=`root`@`localhost` PROCEDURE `getSprite` (`x` INT, `y` INT, `mapid` INT)  BEGIN
	SELECT sprite FROM space JOIN location JOIN element ON element.sprite_ref=space.sprite_ref AND space.id_location = location.id WHERE location.x = x AND location.y = y AND space.id = mapid;
END$$

DELIMITER ;

-- --------------------------------------------------------

--
-- Structure de la table `element`
--

DROP TABLE IF EXISTS `element`;
CREATE TABLE IF NOT EXISTS `element` (
  `sprite_ref` char(1) NOT NULL,
  `sprite` varchar(64) NOT NULL,
  PRIMARY KEY (`sprite_ref`)
) ENGINE=InnoDB DEFAULT CHARSET=latin1;

--
-- Déchargement des données de la table `element`
--

INSERT INTO `element` (`sprite_ref`, `sprite`) VALUES
('#', '/sprites/settings/wall.png'),
('@', '/sprites/player/front_stand.png'),
('M', '/sprites/mobs/spider_1.png'),
('O', '/sprites/settings/rock.png'),
('X', '/sprites/settings/dirt.png'),
('^', '/sprites/settings/diamond_1.png'),
('_', '/sprites/settings/background.png');

-- --------------------------------------------------------

--
-- Structure de la table `location`
--

DROP TABLE IF EXISTS `location`;
CREATE TABLE IF NOT EXISTS `location` (
  `id` int(11) NOT NULL,
  `x` int(11) NOT NULL,
  `y` int(11) NOT NULL,
  PRIMARY KEY (`id`)
) ENGINE=InnoDB DEFAULT CHARSET=latin1;

--
-- Déchargement des données de la table `location`
--

INSERT INTO `location` (`id`, `x`, `y`) VALUES
(1, 0, 0),
(2, 1, 0),
(3, 2, 0),
(4, 3, 0),
(5, 4, 0),
(6, 5, 0),
(7, 6, 0),
(8, 7, 0),
(9, 8, 0),
(10, 9, 0),
(11, 10, 0),
(12, 11, 0),
(13, 12, 0),
(14, 13, 0),
(15, 14, 0),
(16, 15, 0),
(17, 16, 0),
(18, 17, 0),
(19, 18, 0),
(20, 19, 0),
(21, 20, 0),
(22, 21, 0),
(23, 22, 0),
(24, 23, 0),
(25, 24, 0),
(26, 25, 0),
(27, 26, 0),
(28, 27, 0),
(29, 28, 0),
(30, 29, 0),
(31, 30, 0),
(32, 31, 0),
(33, 32, 0),
(34, 33, 0),
(35, 34, 0),
(36, 35, 0),
(37, 36, 0),
(38, 37, 0),
(39, 38, 0),
(40, 39, 0),
(41, 0, 1),
(42, 1, 1),
(43, 2, 1),
(44, 3, 1),
(45, 4, 1),
(46, 5, 1),
(47, 6, 1),
(48, 7, 1),
(49, 8, 1),
(50, 9, 1),
(51, 10, 1),
(52, 11, 1),
(53, 12, 1),
(54, 13, 1),
(55, 14, 1),
(56, 15, 1),
(57, 16, 1),
(58, 17, 1),
(59, 18, 1),
(60, 19, 1),
(61, 20, 1),
(62, 21, 1),
(63, 22, 1),
(64, 23, 1),
(65, 24, 1),
(66, 25, 1),
(67, 26, 1),
(68, 27, 1),
(69, 28, 1),
(70, 29, 1),
(71, 30, 1),
(72, 31, 1),
(73, 32, 1),
(74, 33, 1),
(75, 34, 1),
(76, 35, 1),
(77, 36, 1),
(78, 37, 1),
(79, 38, 1),
(80, 39, 1),
(81, 0, 2),
(82, 1, 2),
(83, 2, 2),
(84, 3, 2),
(85, 4, 2),
(86, 5, 2),
(87, 6, 2),
(88, 7, 2),
(89, 8, 2),
(90, 9, 2),
(91, 10, 2),
(92, 11, 2),
(93, 12, 2),
(94, 13, 2),
(95, 14, 2),
(96, 15, 2),
(97, 16, 2),
(98, 17, 2),
(99, 18, 2),
(100, 19, 2),
(101, 20, 2),
(102, 21, 2),
(103, 22, 2),
(104, 23, 2),
(105, 24, 2),
(106, 25, 2),
(107, 26, 2),
(108, 27, 2),
(109, 28, 2),
(110, 29, 2),
(111, 30, 2),
(112, 31, 2),
(113, 32, 2),
(114, 33, 2),
(115, 34, 2),
(116, 35, 2),
(117, 36, 2),
(118, 37, 2),
(119, 38, 2),
(120, 39, 2),
(121, 0, 3),
(122, 1, 3),
(123, 2, 3),
(124, 3, 3),
(125, 4, 3),
(126, 5, 3),
(127, 6, 3),
(128, 7, 3),
(129, 8, 3),
(130, 9, 3),
(131, 10, 3),
(132, 11, 3),
(133, 12, 3),
(134, 13, 3),
(135, 14, 3),
(136, 15, 3),
(137, 16, 3),
(138, 17, 3),
(139, 18, 3),
(140, 19, 3),
(141, 20, 3),
(142, 21, 3),
(143, 22, 3),
(144, 23, 3),
(145, 24, 3),
(146, 25, 3),
(147, 26, 3),
(148, 27, 3),
(149, 28, 3),
(150, 29, 3),
(151, 30, 3),
(152, 31, 3),
(153, 32, 3),
(154, 33, 3),
(155, 34, 3),
(156, 35, 3),
(157, 36, 3),
(158, 37, 3),
(159, 38, 3),
(160, 39, 3),
(161, 0, 4),
(162, 1, 4),
(163, 2, 4),
(164, 3, 4),
(165, 4, 4),
(166, 5, 4),
(167, 6, 4),
(168, 7, 4),
(169, 8, 4),
(170, 9, 4),
(171, 10, 4),
(172, 11, 4),
(173, 12, 4),
(174, 13, 4),
(175, 14, 4),
(176, 15, 4),
(177, 16, 4),
(178, 17, 4),
(179, 18, 4),
(180, 19, 4),
(181, 20, 4),
(182, 21, 4),
(183, 22, 4),
(184, 23, 4),
(185, 24, 4),
(186, 25, 4),
(187, 26, 4),
(188, 27, 4),
(189, 28, 4),
(190, 29, 4),
(191, 30, 4),
(192, 31, 4),
(193, 32, 4),
(194, 33, 4),
(195, 34, 4),
(196, 35, 4),
(197, 36, 4),
(198, 37, 4),
(199, 38, 4),
(200, 39, 4),
(201, 0, 5),
(202, 1, 5),
(203, 2, 5),
(204, 3, 5),
(205, 4, 5),
(206, 5, 5),
(207, 6, 5),
(208, 7, 5),
(209, 8, 5),
(210, 9, 5),
(211, 10, 5),
(212, 11, 5),
(213, 12, 5),
(214, 13, 5),
(215, 14, 5),
(216, 15, 5),
(217, 16, 5),
(218, 17, 5),
(219, 18, 5),
(220, 19, 5),
(221, 20, 5),
(222, 21, 5),
(223, 22, 5),
(224, 23, 5),
(225, 24, 5),
(226, 25, 5),
(227, 26, 5),
(228, 27, 5),
(229, 28, 5),
(230, 29, 5),
(231, 30, 5),
(232, 31, 5),
(233, 32, 5),
(234, 33, 5),
(235, 34, 5),
(236, 35, 5),
(237, 36, 5),
(238, 37, 5),
(239, 38, 5),
(240, 39, 5),
(241, 0, 6),
(242, 1, 6),
(243, 2, 6),
(244, 3, 6),
(245, 4, 6),
(246, 5, 6),
(247, 6, 6),
(248, 7, 6),
(249, 8, 6),
(250, 9, 6),
(251, 10, 6),
(252, 11, 6),
(253, 12, 6),
(254, 13, 6),
(255, 14, 6),
(256, 15, 6),
(257, 16, 6),
(258, 17, 6),
(259, 18, 6),
(260, 19, 6),
(261, 20, 6),
(262, 21, 6),
(263, 22, 6),
(264, 23, 6),
(265, 24, 6),
(266, 25, 6),
(267, 26, 6),
(268, 27, 6),
(269, 28, 6),
(270, 29, 6),
(271, 30, 6),
(272, 31, 6),
(273, 32, 6),
(274, 33, 6),
(275, 34, 6),
(276, 35, 6),
(277, 36, 6),
(278, 37, 6),
(279, 38, 6),
(280, 39, 6),
(281, 0, 7),
(282, 1, 7),
(283, 2, 7),
(284, 3, 7),
(285, 4, 7),
(286, 5, 7),
(287, 6, 7),
(288, 7, 7),
(289, 8, 7),
(290, 9, 7),
(291, 10, 7),
(292, 11, 7),
(293, 12, 7),
(294, 13, 7),
(295, 14, 7),
(296, 15, 7),
(297, 16, 7),
(298, 17, 7),
(299, 18, 7),
(300, 19, 7),
(301, 20, 7),
(302, 21, 7),
(303, 22, 7),
(304, 23, 7),
(305, 24, 7),
(306, 25, 7),
(307, 26, 7),
(308, 27, 7),
(309, 28, 7),
(310, 29, 7),
(311, 30, 7),
(312, 31, 7),
(313, 32, 7),
(314, 33, 7),
(315, 34, 7),
(316, 35, 7),
(317, 36, 7),
(318, 37, 7),
(319, 38, 7),
(320, 39, 7),
(321, 0, 8),
(322, 1, 8),
(323, 2, 8),
(324, 3, 8),
(325, 4, 8),
(326, 5, 8),
(327, 6, 8),
(328, 7, 8),
(329, 8, 8),
(330, 9, 8),
(331, 10, 8),
(332, 11, 8),
(333, 12, 8),
(334, 13, 8),
(335, 14, 8),
(336, 15, 8),
(337, 16, 8),
(338, 17, 8),
(339, 18, 8),
(340, 19, 8),
(341, 20, 8),
(342, 21, 8),
(343, 22, 8),
(344, 23, 8),
(345, 24, 8),
(346, 25, 8),
(347, 26, 8),
(348, 27, 8),
(349, 28, 8),
(350, 29, 8),
(351, 30, 8),
(352, 31, 8),
(353, 32, 8),
(354, 33, 8),
(355, 34, 8),
(356, 35, 8),
(357, 36, 8),
(358, 37, 8),
(359, 38, 8),
(360, 39, 8),
(361, 0, 9),
(362, 1, 9),
(363, 2, 9),
(364, 3, 9),
(365, 4, 9),
(366, 5, 9),
(367, 6, 9),
(368, 7, 9),
(369, 8, 9),
(370, 9, 9),
(371, 10, 9),
(372, 11, 9),
(373, 12, 9),
(374, 13, 9),
(375, 14, 9),
(376, 15, 9),
(377, 16, 9),
(378, 17, 9),
(379, 18, 9),
(380, 19, 9),
(381, 20, 9),
(382, 21, 9),
(383, 22, 9),
(384, 23, 9),
(385, 24, 9),
(386, 25, 9),
(387, 26, 9),
(388, 27, 9),
(389, 28, 9),
(390, 29, 9),
(391, 30, 9),
(392, 31, 9),
(393, 32, 9),
(394, 33, 9),
(395, 34, 9),
(396, 35, 9),
(397, 36, 9),
(398, 37, 9),
(399, 38, 9),
(400, 39, 9),
(401, 0, 10),
(402, 1, 10),
(403, 2, 10),
(404, 3, 10),
(405, 4, 10),
(406, 5, 10),
(407, 6, 10),
(408, 7, 10),
(409, 8, 10),
(410, 9, 10),
(411, 10, 10),
(412, 11, 10),
(413, 12, 10),
(414, 13, 10),
(415, 14, 10),
(416, 15, 10),
(417, 16, 10),
(418, 17, 10),
(419, 18, 10),
(420, 19, 10),
(421, 20, 10),
(422, 21, 10),
(423, 22, 10),
(424, 23, 10),
(425, 24, 10),
(426, 25, 10),
(427, 26, 10),
(428, 27, 10),
(429, 28, 10),
(430, 29, 10),
(431, 30, 10),
(432, 31, 10),
(433, 32, 10),
(434, 33, 10),
(435, 34, 10),
(436, 35, 10),
(437, 36, 10),
(438, 37, 10),
(439, 38, 10),
(440, 39, 10),
(441, 0, 11),
(442, 1, 11),
(443, 2, 11),
(444, 3, 11),
(445, 4, 11),
(446, 5, 11),
(447, 6, 11),
(448, 7, 11),
(449, 8, 11),
(450, 9, 11),
(451, 10, 11),
(452, 11, 11),
(453, 12, 11),
(454, 13, 11),
(455, 14, 11),
(456, 15, 11),
(457, 16, 11),
(458, 17, 11),
(459, 18, 11),
(460, 19, 11),
(461, 20, 11),
(462, 21, 11),
(463, 22, 11),
(464, 23, 11),
(465, 24, 11),
(466, 25, 11),
(467, 26, 11),
(468, 27, 11),
(469, 28, 11),
(470, 29, 11),
(471, 30, 11),
(472, 31, 11),
(473, 32, 11),
(474, 33, 11),
(475, 34, 11),
(476, 35, 11),
(477, 36, 11),
(478, 37, 11),
(479, 38, 11),
(480, 39, 11),
(481, 0, 12),
(482, 1, 12),
(483, 2, 12),
(484, 3, 12),
(485, 4, 12),
(486, 5, 12),
(487, 6, 12),
(488, 7, 12),
(489, 8, 12),
(490, 9, 12),
(491, 10, 12),
(492, 11, 12),
(493, 12, 12),
(494, 13, 12),
(495, 14, 12),
(496, 15, 12),
(497, 16, 12),
(498, 17, 12),
(499, 18, 12),
(500, 19, 12),
(501, 20, 12),
(502, 21, 12),
(503, 22, 12),
(504, 23, 12),
(505, 24, 12),
(506, 25, 12),
(507, 26, 12),
(508, 27, 12),
(509, 28, 12),
(510, 29, 12),
(511, 30, 12),
(512, 31, 12),
(513, 32, 12),
(514, 33, 12),
(515, 34, 12),
(516, 35, 12),
(517, 36, 12),
(518, 37, 12),
(519, 38, 12),
(520, 39, 12),
(521, 0, 13),
(522, 1, 13),
(523, 2, 13),
(524, 3, 13),
(525, 4, 13),
(526, 5, 13),
(527, 6, 13),
(528, 7, 13),
(529, 8, 13),
(530, 9, 13),
(531, 10, 13),
(532, 11, 13),
(533, 12, 13),
(534, 13, 13),
(535, 14, 13),
(536, 15, 13),
(537, 16, 13),
(538, 17, 13),
(539, 18, 13),
(540, 19, 13),
(541, 20, 13),
(542, 21, 13),
(543, 22, 13),
(544, 23, 13),
(545, 24, 13),
(546, 25, 13),
(547, 26, 13),
(548, 27, 13),
(549, 28, 13),
(550, 29, 13),
(551, 30, 13),
(552, 31, 13),
(553, 32, 13),
(554, 33, 13),
(555, 34, 13),
(556, 35, 13),
(557, 36, 13),
(558, 37, 13),
(559, 38, 13),
(560, 39, 13),
(561, 0, 14),
(562, 1, 14),
(563, 2, 14),
(564, 3, 14),
(565, 4, 14),
(566, 5, 14),
(567, 6, 14),
(568, 7, 14),
(569, 8, 14),
(570, 9, 14),
(571, 10, 14),
(572, 11, 14),
(573, 12, 14),
(574, 13, 14),
(575, 14, 14),
(576, 15, 14),
(577, 16, 14),
(578, 17, 14),
(579, 18, 14),
(580, 19, 14),
(581, 20, 14),
(582, 21, 14),
(583, 22, 14),
(584, 23, 14),
(585, 24, 14),
(586, 25, 14),
(587, 26, 14),
(588, 27, 14),
(589, 28, 14),
(590, 29, 14),
(591, 30, 14),
(592, 31, 14),
(593, 32, 14),
(594, 33, 14),
(595, 34, 14),
(596, 35, 14),
(597, 36, 14),
(598, 37, 14),
(599, 38, 14),
(600, 39, 14),
(601, 0, 15),
(602, 1, 15),
(603, 2, 15),
(604, 3, 15),
(605, 4, 15),
(606, 5, 15),
(607, 6, 15),
(608, 7, 15),
(609, 8, 15),
(610, 9, 15),
(611, 10, 15),
(612, 11, 15),
(613, 12, 15),
(614, 13, 15),
(615, 14, 15),
(616, 15, 15),
(617, 16, 15),
(618, 17, 15),
(619, 18, 15),
(620, 19, 15),
(621, 20, 15),
(622, 21, 15),
(623, 22, 15),
(624, 23, 15),
(625, 24, 15),
(626, 25, 15),
(627, 26, 15),
(628, 27, 15),
(629, 28, 15),
(630, 29, 15),
(631, 30, 15),
(632, 31, 15),
(633, 32, 15),
(634, 33, 15),
(635, 34, 15),
(636, 35, 15),
(637, 36, 15),
(638, 37, 15),
(639, 38, 15),
(640, 39, 15),
(641, 0, 16),
(642, 1, 16),
(643, 2, 16),
(644, 3, 16),
(645, 4, 16),
(646, 5, 16),
(647, 6, 16),
(648, 7, 16),
(649, 8, 16),
(650, 9, 16),
(651, 10, 16),
(652, 11, 16),
(653, 12, 16),
(654, 13, 16),
(655, 14, 16),
(656, 15, 16),
(657, 16, 16),
(658, 17, 16),
(659, 18, 16),
(660, 19, 16),
(661, 20, 16),
(662, 21, 16),
(663, 22, 16),
(664, 23, 16),
(665, 24, 16),
(666, 25, 16),
(667, 26, 16),
(668, 27, 16),
(669, 28, 16),
(670, 29, 16),
(671, 30, 16),
(672, 31, 16),
(673, 32, 16),
(674, 33, 16),
(675, 34, 16),
(676, 35, 16),
(677, 36, 16),
(678, 37, 16),
(679, 38, 16),
(680, 39, 16),
(681, 0, 17),
(682, 1, 17),
(683, 2, 17),
(684, 3, 17),
(685, 4, 17),
(686, 5, 17),
(687, 6, 17),
(688, 7, 17),
(689, 8, 17),
(690, 9, 17),
(691, 10, 17),
(692, 11, 17),
(693, 12, 17),
(694, 13, 17),
(695, 14, 17),
(696, 15, 17),
(697, 16, 17),
(698, 17, 17),
(699, 18, 17),
(700, 19, 17),
(701, 20, 17),
(702, 21, 17),
(703, 22, 17),
(704, 23, 17),
(705, 24, 17),
(706, 25, 17),
(707, 26, 17),
(708, 27, 17),
(709, 28, 17),
(710, 29, 17),
(711, 30, 17),
(712, 31, 17),
(713, 32, 17),
(714, 33, 17),
(715, 34, 17),
(716, 35, 17),
(717, 36, 17),
(718, 37, 17),
(719, 38, 17),
(720, 39, 17),
(721, 0, 18),
(722, 1, 18),
(723, 2, 18),
(724, 3, 18),
(725, 4, 18),
(726, 5, 18),
(727, 6, 18),
(728, 7, 18),
(729, 8, 18),
(730, 9, 18),
(731, 10, 18),
(732, 11, 18),
(733, 12, 18),
(734, 13, 18),
(735, 14, 18),
(736, 15, 18),
(737, 16, 18),
(738, 17, 18),
(739, 18, 18),
(740, 19, 18),
(741, 20, 18),
(742, 21, 18),
(743, 22, 18),
(744, 23, 18),
(745, 24, 18),
(746, 25, 18),
(747, 26, 18),
(748, 27, 18),
(749, 28, 18),
(750, 29, 18),
(751, 30, 18),
(752, 31, 18),
(753, 32, 18),
(754, 33, 18),
(755, 34, 18),
(756, 35, 18),
(757, 36, 18),
(758, 37, 18),
(759, 38, 18),
(760, 39, 18),
(761, 0, 19),
(762, 1, 19),
(763, 2, 19),
(764, 3, 19),
(765, 4, 19),
(766, 5, 19),
(767, 6, 19),
(768, 7, 19),
(769, 8, 19),
(770, 9, 19),
(771, 10, 19),
(772, 11, 19),
(773, 12, 19),
(774, 13, 19),
(775, 14, 19),
(776, 15, 19),
(777, 16, 19),
(778, 17, 19),
(779, 18, 19),
(780, 19, 19),
(781, 20, 19),
(782, 21, 19),
(783, 22, 19),
(784, 23, 19),
(785, 24, 19),
(786, 25, 19),
(787, 26, 19),
(788, 27, 19),
(789, 28, 19),
(790, 29, 19),
(791, 30, 19),
(792, 31, 19),
(793, 32, 19),
(794, 33, 19),
(795, 34, 19),
(796, 35, 19),
(797, 36, 19),
(798, 37, 19),
(799, 38, 19),
(800, 39, 19),
(801, 0, 20),
(802, 1, 20),
(803, 2, 20),
(804, 3, 20),
(805, 4, 20),
(806, 5, 20),
(807, 6, 20),
(808, 7, 20),
(809, 8, 20),
(810, 9, 20),
(811, 10, 20),
(812, 11, 20),
(813, 12, 20),
(814, 13, 20),
(815, 14, 20),
(816, 15, 20),
(817, 16, 20),
(818, 17, 20),
(819, 18, 20),
(820, 19, 20),
(821, 20, 20),
(822, 21, 20),
(823, 22, 20),
(824, 23, 20),
(825, 24, 20),
(826, 25, 20),
(827, 26, 20),
(828, 27, 20),
(829, 28, 20),
(830, 29, 20),
(831, 30, 20),
(832, 31, 20),
(833, 32, 20),
(834, 33, 20),
(835, 34, 20),
(836, 35, 20),
(837, 36, 20),
(838, 37, 20),
(839, 38, 20),
(840, 39, 20),
(841, 0, 21),
(842, 1, 21),
(843, 2, 21),
(844, 3, 21),
(845, 4, 21),
(846, 5, 21),
(847, 6, 21),
(848, 7, 21),
(849, 8, 21),
(850, 9, 21),
(851, 10, 21),
(852, 11, 21),
(853, 12, 21),
(854, 13, 21),
(855, 14, 21),
(856, 15, 21),
(857, 16, 21),
(858, 17, 21),
(859, 18, 21),
(860, 19, 21),
(861, 20, 21),
(862, 21, 21),
(863, 22, 21),
(864, 23, 21),
(865, 24, 21),
(866, 25, 21),
(867, 26, 21),
(868, 27, 21),
(869, 28, 21),
(870, 29, 21),
(871, 30, 21),
(872, 31, 21),
(873, 32, 21),
(874, 33, 21),
(875, 34, 21),
(876, 35, 21),
(877, 36, 21),
(878, 37, 21),
(879, 38, 21),
(880, 39, 21);

-- --------------------------------------------------------

--
-- Structure de la table `map`
--

DROP TABLE IF EXISTS `map`;
CREATE TABLE IF NOT EXISTS `map` (
  `id` int(11) NOT NULL,
  `map` varchar(255) NOT NULL,
  `width` int(11) NOT NULL,
  `length` int(11) NOT NULL,
  `goal` int(11) NOT NULL,
  PRIMARY KEY (`id`)
) ENGINE=InnoDB DEFAULT CHARSET=latin1;

--
-- Déchargement des données de la table `map`
--

INSERT INTO `map` (`id`, `map`, `width`, `length`, `goal`) VALUES
(1, 'Cellar', 22, 17, 4),
(2, 'Catacombs', 22, 23, 8),
(3, 'Cave', 22, 40, 18),
(4, 'The unknown', 40, 22, 1),
(6, 'Map test', 6, 6, 2);

-- --------------------------------------------------------

--
-- Structure de la table `space`
--

DROP TABLE IF EXISTS `space`;
CREATE TABLE IF NOT EXISTS `space` (
  `id` int(11) NOT NULL,
  `id_Location` int(11) NOT NULL,
  `sprite_ref` char(1) NOT NULL,
  PRIMARY KEY (`id`,`id_Location`,`sprite_ref`),
  KEY `space_Location0_FK` (`id_Location`),
  KEY `space_Element1_FK` (`sprite_ref`)
) ENGINE=InnoDB DEFAULT CHARSET=latin1;

--
-- Déchargement des données de la table `space`
--

INSERT INTO `space` (`id`, `id_Location`, `sprite_ref`) VALUES
(1, 1, '#'),
(1, 2, '#'),
(1, 3, '#'),
(1, 4, '#'),
(1, 5, '#'),
(1, 6, '#'),
(1, 7, '#'),
(1, 8, '#'),
(1, 9, '#'),
(1, 10, '#'),
(1, 11, '#'),
(1, 12, '#'),
(1, 13, '#'),
(1, 14, '#'),
(1, 15, '#'),
(1, 16, '#'),
(1, 17, '#'),
(1, 41, '#'),
(1, 57, '#'),
(1, 81, '#'),
(1, 97, '#'),
(1, 121, '#'),
(1, 137, '#'),
(1, 161, '#'),
(1, 177, '#'),
(1, 201, '#'),
(1, 217, '#'),
(1, 241, '#'),
(1, 257, '#'),
(1, 281, '#'),
(1, 297, '#'),
(1, 321, '#'),
(1, 337, '#'),
(1, 361, '#'),
(1, 377, '#'),
(1, 401, '#'),
(1, 417, '#'),
(1, 441, '#'),
(1, 442, '#'),
(1, 443, '#'),
(1, 444, '#'),
(1, 445, '#'),
(1, 446, '#'),
(1, 447, '#'),
(1, 451, '#'),
(1, 452, '#'),
(1, 453, '#'),
(1, 454, '#'),
(1, 455, '#'),
(1, 456, '#'),
(1, 457, '#'),
(1, 481, '#'),
(1, 497, '#'),
(1, 521, '#'),
(1, 537, '#'),
(1, 561, '#'),
(1, 577, '#'),
(1, 601, '#'),
(1, 617, '#'),
(1, 641, '#'),
(1, 657, '#'),
(1, 681, '#'),
(1, 693, '#'),
(1, 694, '#'),
(1, 695, '#'),
(1, 696, '#'),
(1, 697, '#'),
(1, 721, '#'),
(1, 737, '#'),
(1, 761, '#'),
(1, 770, '#'),
(1, 771, '#'),
(1, 774, '#'),
(1, 775, '#'),
(1, 776, '#'),
(1, 777, '#'),
(1, 801, '#'),
(1, 811, '#'),
(1, 812, '#'),
(1, 813, '#'),
(1, 817, '#'),
(1, 841, '#'),
(1, 842, '#'),
(1, 843, '#'),
(1, 844, '#'),
(1, 845, '#'),
(1, 846, '#'),
(1, 847, '#'),
(1, 848, '#'),
(1, 849, '#'),
(1, 850, '#'),
(1, 851, '#'),
(1, 852, '#'),
(1, 853, '#'),
(1, 854, '#'),
(1, 855, '#'),
(1, 856, '#'),
(1, 857, '#'),
(2, 1, '#'),
(2, 2, '#'),
(2, 3, '#'),
(2, 4, '#'),
(2, 5, '#'),
(2, 6, '#'),
(2, 7, '#'),
(2, 8, '#'),
(2, 9, '#'),
(2, 10, '#'),
(2, 11, '#'),
(2, 12, '#'),
(2, 13, '#'),
(2, 14, '#'),
(2, 15, '#'),
(2, 16, '#'),
(2, 17, '#'),
(2, 18, '#'),
(2, 19, '#'),
(2, 20, '#'),
(2, 21, '#'),
(2, 22, '#'),
(2, 23, '#'),
(2, 41, '#'),
(2, 55, '#'),
(2, 63, '#'),
(2, 81, '#'),
(2, 95, '#'),
(2, 103, '#'),
(2, 121, '#'),
(2, 135, '#'),
(2, 143, '#'),
(2, 161, '#'),
(2, 175, '#'),
(2, 183, '#'),
(2, 201, '#'),
(2, 215, '#'),
(2, 223, '#'),
(2, 241, '#'),
(2, 255, '#'),
(2, 263, '#'),
(2, 281, '#'),
(2, 295, '#'),
(2, 303, '#'),
(2, 321, '#'),
(2, 335, '#'),
(2, 343, '#'),
(2, 361, '#'),
(2, 370, '#'),
(2, 371, '#'),
(2, 372, '#'),
(2, 375, '#'),
(2, 383, '#'),
(2, 401, '#'),
(2, 410, '#'),
(2, 412, '#'),
(2, 415, '#'),
(2, 423, '#'),
(2, 441, '#'),
(2, 450, '#'),
(2, 451, '#'),
(2, 452, '#'),
(2, 455, '#'),
(2, 463, '#'),
(2, 481, '#'),
(2, 495, '#'),
(2, 503, '#'),
(2, 521, '#'),
(2, 543, '#'),
(2, 561, '#'),
(2, 583, '#'),
(2, 601, '#'),
(2, 623, '#'),
(2, 641, '#'),
(2, 663, '#'),
(2, 681, '#'),
(2, 703, '#'),
(2, 721, '#'),
(2, 743, '#'),
(2, 761, '#'),
(2, 783, '#'),
(2, 801, '#'),
(2, 823, '#'),
(2, 841, '#'),
(2, 842, '#'),
(2, 843, '#'),
(2, 844, '#'),
(2, 845, '#'),
(2, 846, '#'),
(2, 847, '#'),
(2, 848, '#'),
(2, 849, '#'),
(2, 850, '#'),
(2, 851, '#'),
(2, 852, '#'),
(2, 853, '#'),
(2, 854, '#'),
(2, 855, '#'),
(2, 856, '#'),
(2, 857, '#'),
(2, 858, '#'),
(2, 859, '#'),
(2, 860, '#'),
(2, 861, '#'),
(2, 862, '#'),
(2, 863, '#'),
(3, 1, '#'),
(3, 2, '#'),
(3, 3, '#'),
(3, 4, '#'),
(3, 5, '#'),
(3, 6, '#'),
(3, 7, '#'),
(3, 8, '#'),
(3, 9, '#'),
(3, 10, '#'),
(3, 11, '#'),
(3, 12, '#'),
(3, 13, '#'),
(3, 14, '#'),
(3, 15, '#'),
(3, 16, '#'),
(3, 17, '#'),
(3, 18, '#'),
(3, 19, '#'),
(3, 20, '#'),
(3, 21, '#'),
(3, 22, '#'),
(3, 23, '#'),
(3, 24, '#'),
(3, 25, '#'),
(3, 26, '#'),
(3, 27, '#'),
(3, 28, '#'),
(3, 29, '#'),
(3, 30, '#'),
(3, 31, '#'),
(3, 32, '#'),
(3, 33, '#'),
(3, 34, '#'),
(3, 35, '#'),
(3, 36, '#'),
(3, 37, '#'),
(3, 38, '#'),
(3, 39, '#'),
(3, 40, '#'),
(3, 41, '#'),
(3, 74, '#'),
(3, 80, '#'),
(3, 81, '#'),
(3, 114, '#'),
(3, 120, '#'),
(3, 121, '#'),
(3, 154, '#'),
(3, 160, '#'),
(3, 161, '#'),
(3, 194, '#'),
(3, 200, '#'),
(3, 201, '#'),
(3, 234, '#'),
(3, 240, '#'),
(3, 241, '#'),
(3, 263, '#'),
(3, 264, '#'),
(3, 265, '#'),
(3, 266, '#'),
(3, 267, '#'),
(3, 274, '#'),
(3, 280, '#'),
(3, 281, '#'),
(3, 299, '#'),
(3, 300, '#'),
(3, 301, '#'),
(3, 303, '#'),
(3, 307, '#'),
(3, 313, '#'),
(3, 314, '#'),
(3, 315, '#'),
(3, 320, '#'),
(3, 321, '#'),
(3, 347, '#'),
(3, 353, '#'),
(3, 354, '#'),
(3, 355, '#'),
(3, 360, '#'),
(3, 361, '#'),
(3, 383, '#'),
(3, 387, '#'),
(3, 400, '#'),
(3, 401, '#'),
(3, 423, '#'),
(3, 424, '#'),
(3, 425, '#'),
(3, 426, '#'),
(3, 427, '#'),
(3, 440, '#'),
(3, 441, '#'),
(3, 465, '#'),
(3, 480, '#'),
(3, 481, '#'),
(3, 488, '#'),
(3, 489, '#'),
(3, 490, '#'),
(3, 505, '#'),
(3, 520, '#'),
(3, 521, '#'),
(3, 528, '#'),
(3, 529, '#'),
(3, 530, '#'),
(3, 545, '#'),
(3, 560, '#'),
(3, 561, '#'),
(3, 569, '#'),
(3, 585, '#'),
(3, 600, '#'),
(3, 601, '#'),
(3, 609, '#'),
(3, 625, '#'),
(3, 640, '#'),
(3, 641, '#'),
(3, 649, '#'),
(3, 665, '#'),
(3, 680, '#'),
(3, 681, '#'),
(3, 689, '#'),
(3, 705, '#'),
(3, 720, '#'),
(3, 721, '#'),
(3, 729, '#'),
(3, 745, '#'),
(3, 760, '#'),
(3, 761, '#'),
(3, 769, '#'),
(3, 785, '#'),
(3, 800, '#'),
(3, 801, '#'),
(3, 809, '#'),
(3, 825, '#'),
(3, 840, '#'),
(3, 841, '#'),
(3, 842, '#'),
(3, 843, '#'),
(3, 844, '#'),
(3, 845, '#'),
(3, 846, '#'),
(3, 847, '#'),
(3, 848, '#'),
(3, 849, '#'),
(3, 850, '#'),
(3, 851, '#'),
(3, 852, '#'),
(3, 853, '#'),
(3, 854, '#'),
(3, 855, '#'),
(3, 856, '#'),
(3, 857, '#'),
(3, 858, '#'),
(3, 859, '#'),
(3, 860, '#'),
(3, 861, '#'),
(3, 862, '#'),
(3, 863, '#'),
(3, 864, '#'),
(3, 865, '#'),
(3, 866, '#'),
(3, 867, '#'),
(3, 868, '#'),
(3, 869, '#'),
(3, 870, '#'),
(3, 871, '#'),
(3, 872, '#'),
(3, 873, '#'),
(3, 874, '#'),
(3, 875, '#'),
(3, 876, '#'),
(3, 877, '#'),
(3, 878, '#'),
(3, 879, '#'),
(3, 880, '#'),
(4, 1, '#'),
(4, 2, '#'),
(4, 3, '#'),
(4, 4, '#'),
(4, 5, '#'),
(4, 6, '#'),
(4, 7, '#'),
(4, 8, '#'),
(4, 9, '#'),
(4, 10, '#'),
(4, 11, '#'),
(4, 12, '#'),
(4, 13, '#'),
(4, 14, '#'),
(4, 15, '#'),
(4, 16, '#'),
(4, 17, '#'),
(4, 18, '#'),
(4, 19, '#'),
(4, 20, '#'),
(4, 21, '#'),
(4, 22, '#'),
(4, 23, '#'),
(4, 24, '#'),
(4, 25, '#'),
(4, 26, '#'),
(4, 27, '#'),
(4, 28, '#'),
(4, 29, '#'),
(4, 30, '#'),
(4, 31, '#'),
(4, 32, '#'),
(4, 33, '#'),
(4, 34, '#'),
(4, 35, '#'),
(4, 36, '#'),
(4, 37, '#'),
(4, 38, '#'),
(4, 39, '#'),
(4, 40, '#'),
(4, 41, '#'),
(4, 43, '#'),
(4, 44, '#'),
(4, 45, '#'),
(4, 46, '#'),
(4, 52, '#'),
(4, 58, '#'),
(4, 61, '#'),
(4, 65, '#'),
(4, 74, '#'),
(4, 80, '#'),
(4, 81, '#'),
(4, 82, '#'),
(4, 83, '#'),
(4, 92, '#'),
(4, 94, '#'),
(4, 95, '#'),
(4, 96, '#'),
(4, 98, '#'),
(4, 101, '#'),
(4, 103, '#'),
(4, 105, '#'),
(4, 106, '#'),
(4, 107, '#'),
(4, 108, '#'),
(4, 109, '#'),
(4, 110, '#'),
(4, 111, '#'),
(4, 112, '#'),
(4, 113, '#'),
(4, 114, '#'),
(4, 116, '#'),
(4, 117, '#'),
(4, 118, '#'),
(4, 119, '#'),
(4, 120, '#'),
(4, 121, '#'),
(4, 125, '#'),
(4, 126, '#'),
(4, 127, '#'),
(4, 128, '#'),
(4, 129, '#'),
(4, 130, '#'),
(4, 132, '#'),
(4, 134, '#'),
(4, 138, '#'),
(4, 139, '#'),
(4, 140, '#'),
(4, 141, '#'),
(4, 143, '#'),
(4, 153, '#'),
(4, 156, '#'),
(4, 160, '#'),
(4, 161, '#'),
(4, 163, '#'),
(4, 170, '#'),
(4, 174, '#'),
(4, 176, '#'),
(4, 177, '#'),
(4, 178, '#'),
(4, 183, '#'),
(4, 184, '#'),
(4, 186, '#'),
(4, 187, '#'),
(4, 188, '#'),
(4, 189, '#'),
(4, 190, '#'),
(4, 191, '#'),
(4, 193, '#'),
(4, 195, '#'),
(4, 196, '#'),
(4, 200, '#'),
(4, 201, '#'),
(4, 204, '#'),
(4, 206, '#'),
(4, 207, '#'),
(4, 208, '#'),
(4, 209, '#'),
(4, 210, '#'),
(4, 211, '#'),
(4, 212, '#'),
(4, 214, '#'),
(4, 216, '#'),
(4, 218, '#'),
(4, 220, '#'),
(4, 221, '#'),
(4, 223, '#'),
(4, 233, '#'),
(4, 235, '#'),
(4, 238, '#'),
(4, 240, '#'),
(4, 241, '#'),
(4, 244, '#'),
(4, 250, '#'),
(4, 254, '#'),
(4, 260, '#'),
(4, 262, '#'),
(4, 263, '#'),
(4, 265, '#'),
(4, 266, '#'),
(4, 267, '#'),
(4, 268, '#'),
(4, 269, '#'),
(4, 270, '#'),
(4, 271, '#'),
(4, 272, '#'),
(4, 273, '#'),
(4, 275, '#'),
(4, 277, '#'),
(4, 278, '#'),
(4, 280, '#'),
(4, 281, '#'),
(4, 284, '#'),
(4, 285, '#'),
(4, 286, '#'),
(4, 287, '#'),
(4, 289, '#'),
(4, 292, '#'),
(4, 293, '#'),
(4, 294, '#'),
(4, 295, '#'),
(4, 296, '#'),
(4, 298, '#'),
(4, 300, '#'),
(4, 303, '#'),
(4, 305, '#'),
(4, 315, '#'),
(4, 317, '#'),
(4, 318, '#'),
(4, 320, '#'),
(4, 321, '#'),
(4, 327, '#'),
(4, 329, '#'),
(4, 331, '#'),
(4, 332, '#'),
(4, 340, '#'),
(4, 343, '#'),
(4, 345, '#'),
(4, 347, '#'),
(4, 348, '#'),
(4, 349, '#'),
(4, 350, '#'),
(4, 351, '#'),
(4, 352, '#'),
(4, 353, '#'),
(4, 354, '#'),
(4, 355, '#'),
(4, 357, '#'),
(4, 358, '#'),
(4, 360, '#'),
(4, 361, '#'),
(4, 363, '#'),
(4, 365, '#'),
(4, 367, '#'),
(4, 369, '#'),
(4, 371, '#'),
(4, 374, '#'),
(4, 375, '#'),
(4, 376, '#'),
(4, 377, '#'),
(4, 378, '#'),
(4, 379, '#'),
(4, 380, '#'),
(4, 381, '#'),
(4, 382, '#'),
(4, 385, '#'),
(4, 387, '#'),
(4, 397, '#'),
(4, 398, '#'),
(4, 400, '#'),
(4, 401, '#'),
(4, 403, '#'),
(4, 405, '#'),
(4, 407, '#'),
(4, 411, '#'),
(4, 413, '#'),
(4, 414, '#'),
(4, 416, '#'),
(4, 421, '#'),
(4, 427, '#'),
(4, 429, '#'),
(4, 430, '#'),
(4, 431, '#'),
(4, 432, '#'),
(4, 433, '#'),
(4, 434, '#'),
(4, 435, '#'),
(4, 436, '#'),
(4, 437, '#'),
(4, 438, '#'),
(4, 440, '#'),
(4, 441, '#'),
(4, 443, '#'),
(4, 445, '#'),
(4, 447, '#'),
(4, 448, '#'),
(4, 449, '#'),
(4, 451, '#'),
(4, 453, '#'),
(4, 455, '#'),
(4, 458, '#'),
(4, 459, '#'),
(4, 460, '#'),
(4, 461, '#'),
(4, 463, '#'),
(4, 464, '#'),
(4, 465, '#'),
(4, 466, '#'),
(4, 467, '#'),
(4, 469, '#'),
(4, 470, '#'),
(4, 471, '#'),
(4, 472, '#'),
(4, 473, '#'),
(4, 474, '#'),
(4, 475, '#'),
(4, 476, '#'),
(4, 477, '#'),
(4, 478, '#'),
(4, 480, '#'),
(4, 481, '#'),
(4, 483, '#'),
(4, 485, '#'),
(4, 487, '#'),
(4, 491, '#'),
(4, 493, '#'),
(4, 495, '#'),
(4, 497, '#'),
(4, 501, '#'),
(4, 503, '#'),
(4, 509, '#'),
(4, 520, '#'),
(4, 521, '#'),
(4, 523, '#'),
(4, 525, '#'),
(4, 527, '#'),
(4, 529, '#'),
(4, 530, '#'),
(4, 531, '#'),
(4, 533, '#'),
(4, 535, '#'),
(4, 537, '#'),
(4, 543, '#'),
(4, 545, '#'),
(4, 546, '#'),
(4, 547, '#'),
(4, 549, '#'),
(4, 551, '#'),
(4, 552, '#'),
(4, 553, '#'),
(4, 554, '#'),
(4, 555, '#'),
(4, 556, '#'),
(4, 557, '#'),
(4, 558, '#'),
(4, 559, '#'),
(4, 560, '#'),
(4, 561, '#'),
(4, 563, '#'),
(4, 565, '#'),
(4, 567, '#'),
(4, 569, '#'),
(4, 573, '#'),
(4, 575, '#'),
(4, 577, '#'),
(4, 578, '#'),
(4, 579, '#'),
(4, 580, '#'),
(4, 581, '#'),
(4, 582, '#'),
(4, 583, '#'),
(4, 585, '#'),
(4, 587, '#'),
(4, 589, '#'),
(4, 600, '#'),
(4, 601, '#'),
(4, 603, '#'),
(4, 605, '#'),
(4, 607, '#'),
(4, 609, '#'),
(4, 610, '#'),
(4, 611, '#'),
(4, 612, '#'),
(4, 613, '#'),
(4, 615, '#'),
(4, 618, '#'),
(4, 620, '#'),
(4, 622, '#'),
(4, 625, '#'),
(4, 627, '#'),
(4, 628, '#'),
(4, 629, '#'),
(4, 630, '#'),
(4, 631, '#'),
(4, 632, '#'),
(4, 633, '#'),
(4, 634, '#'),
(4, 635, '#'),
(4, 636, '#'),
(4, 637, '#'),
(4, 638, '#'),
(4, 640, '#'),
(4, 641, '#'),
(4, 643, '#'),
(4, 645, '#'),
(4, 647, '#'),
(4, 655, '#'),
(4, 665, '#'),
(4, 678, '#'),
(4, 680, '#'),
(4, 681, '#'),
(4, 683, '#'),
(4, 685, '#'),
(4, 686, '#'),
(4, 687, '#'),
(4, 688, '#'),
(4, 689, '#'),
(4, 690, '#'),
(4, 691, '#'),
(4, 692, '#'),
(4, 693, '#'),
(4, 694, '#'),
(4, 695, '#'),
(4, 696, '#'),
(4, 697, '#'),
(4, 698, '#'),
(4, 699, '#'),
(4, 700, '#'),
(4, 701, '#'),
(4, 702, '#'),
(4, 703, '#'),
(4, 704, '#'),
(4, 705, '#'),
(4, 706, '#'),
(4, 707, '#'),
(4, 708, '#'),
(4, 709, '#'),
(4, 710, '#'),
(4, 711, '#'),
(4, 712, '#'),
(4, 713, '#'),
(4, 714, '#'),
(4, 715, '#'),
(4, 716, '#'),
(4, 718, '#'),
(4, 720, '#'),
(4, 721, '#'),
(4, 723, '#'),
(4, 758, '#'),
(4, 760, '#'),
(4, 761, '#'),
(4, 763, '#'),
(4, 764, '#'),
(4, 765, '#'),
(4, 766, '#'),
(4, 767, '#'),
(4, 768, '#'),
(4, 769, '#'),
(4, 770, '#'),
(4, 771, '#'),
(4, 772, '#'),
(4, 773, '#'),
(4, 774, '#'),
(4, 775, '#'),
(4, 776, '#'),
(4, 777, '#'),
(4, 778, '#'),
(4, 779, '#'),
(4, 780, '#'),
(4, 781, '#'),
(4, 782, '#'),
(4, 783, '#'),
(4, 784, '#'),
(4, 785, '#'),
(4, 786, '#'),
(4, 787, '#'),
(4, 788, '#'),
(4, 789, '#'),
(4, 790, '#'),
(4, 791, '#'),
(4, 792, '#'),
(4, 793, '#'),
(4, 794, '#'),
(4, 795, '#'),
(4, 796, '#'),
(4, 797, '#'),
(4, 798, '#'),
(4, 800, '#'),
(4, 801, '#'),
(4, 840, '#'),
(4, 841, '#'),
(4, 842, '#'),
(4, 843, '#'),
(4, 844, '#'),
(4, 845, '#'),
(4, 846, '#'),
(4, 847, '#'),
(4, 848, '#'),
(4, 849, '#'),
(4, 850, '#'),
(4, 851, '#'),
(4, 852, '#'),
(4, 853, '#'),
(4, 854, '#'),
(4, 855, '#'),
(4, 856, '#'),
(4, 857, '#'),
(4, 858, '#'),
(4, 859, '#'),
(4, 860, '#'),
(4, 861, '#'),
(4, 862, '#'),
(4, 863, '#'),
(4, 864, '#'),
(4, 865, '#'),
(4, 866, '#'),
(4, 867, '#'),
(4, 868, '#'),
(4, 869, '#'),
(4, 870, '#'),
(4, 871, '#'),
(4, 872, '#'),
(4, 873, '#'),
(4, 874, '#'),
(4, 875, '#'),
(4, 876, '#'),
(4, 877, '#'),
(4, 878, '#'),
(4, 879, '#'),
(4, 880, '#'),
(6, 1, '#'),
(6, 2, '#'),
(6, 3, '#'),
(6, 4, '#'),
(6, 5, '#'),
(6, 6, '#'),
(6, 41, '#'),
(6, 46, '#'),
(6, 81, '#'),
(6, 86, '#'),
(6, 121, '#'),
(6, 126, '#'),
(6, 161, '#'),
(6, 166, '#'),
(6, 201, '#'),
(6, 202, '#'),
(6, 203, '#'),
(6, 204, '#'),
(6, 205, '#'),
(6, 206, '#'),
(1, 83, '@'),
(2, 83, '@'),
(3, 421, '@'),
(4, 79, '@'),
(6, 42, '@'),
(2, 331, 'M'),
(3, 329, 'M'),
(3, 659, 'M'),
(4, 72, 'M'),
(4, 100, 'M'),
(4, 341, 'M'),
(6, 122, 'M'),
(1, 45, 'O'),
(1, 92, 'O'),
(1, 93, 'O'),
(1, 94, 'O'),
(1, 128, 'O'),
(1, 209, 'O'),
(1, 325, 'O'),
(1, 326, 'O'),
(1, 413, 'O'),
(1, 690, 'O'),
(1, 691, 'O'),
(1, 692, 'O'),
(2, 49, 'O'),
(2, 50, 'O'),
(2, 205, 'O'),
(2, 210, 'O'),
(2, 211, 'O'),
(2, 212, 'O'),
(2, 213, 'O'),
(2, 245, 'O'),
(2, 260, 'O'),
(2, 288, 'O'),
(2, 289, 'O'),
(2, 301, 'O'),
(2, 322, 'O'),
(2, 334, 'O'),
(2, 362, 'O'),
(2, 364, 'O'),
(2, 374, 'O'),
(2, 381, 'O'),
(2, 419, 'O'),
(2, 421, 'O'),
(2, 442, 'O'),
(2, 456, 'O'),
(2, 484, 'O'),
(2, 570, 'O'),
(2, 573, 'O'),
(2, 576, 'O'),
(2, 602, 'O'),
(2, 603, 'O'),
(2, 604, 'O'),
(2, 605, 'O'),
(2, 607, 'O'),
(2, 609, 'O'),
(2, 612, 'O'),
(2, 619, 'O'),
(2, 622, 'O'),
(2, 643, 'O'),
(2, 645, 'O'),
(2, 684, 'O'),
(2, 725, 'O'),
(2, 739, 'O'),
(2, 740, 'O'),
(3, 43, 'O'),
(3, 44, 'O'),
(3, 45, 'O'),
(3, 46, 'O'),
(3, 47, 'O'),
(3, 62, 'O'),
(3, 76, 'O'),
(3, 77, 'O'),
(3, 89, 'O'),
(3, 95, 'O'),
(3, 101, 'O'),
(3, 106, 'O'),
(3, 108, 'O'),
(3, 116, 'O'),
(3, 133, 'O'),
(3, 142, 'O'),
(3, 143, 'O'),
(3, 146, 'O'),
(3, 147, 'O'),
(3, 199, 'O'),
(3, 213, 'O'),
(3, 216, 'O'),
(3, 243, 'O'),
(3, 244, 'O'),
(3, 245, 'O'),
(3, 269, 'O'),
(3, 273, 'O'),
(3, 275, 'O'),
(3, 310, 'O'),
(3, 318, 'O'),
(3, 324, 'O'),
(3, 340, 'O'),
(3, 341, 'O'),
(3, 342, 'O'),
(3, 349, 'O'),
(3, 356, 'O'),
(3, 357, 'O'),
(3, 393, 'O'),
(3, 420, 'O'),
(3, 452, 'O'),
(3, 453, 'O'),
(3, 454, 'O'),
(3, 458, 'O'),
(3, 460, 'O'),
(3, 461, 'O'),
(3, 462, 'O'),
(3, 475, 'O'),
(3, 485, 'O'),
(3, 496, 'O'),
(3, 499, 'O'),
(3, 507, 'O'),
(3, 531, 'O'),
(3, 541, 'O'),
(3, 542, 'O'),
(3, 562, 'O'),
(3, 563, 'O'),
(3, 564, 'O'),
(3, 599, 'O'),
(3, 637, 'O'),
(3, 638, 'O'),
(3, 651, 'O'),
(3, 652, 'O'),
(3, 679, 'O'),
(3, 690, 'O'),
(3, 693, 'O'),
(3, 715, 'O'),
(3, 717, 'O'),
(3, 737, 'O'),
(3, 738, 'O'),
(3, 739, 'O'),
(3, 740, 'O'),
(3, 741, 'O'),
(3, 742, 'O'),
(3, 752, 'O'),
(3, 758, 'O'),
(3, 759, 'O'),
(3, 763, 'O'),
(3, 764, 'O'),
(3, 765, 'O'),
(3, 793, 'O'),
(4, 47, 'O'),
(4, 48, 'O'),
(4, 49, 'O'),
(4, 50, 'O'),
(4, 51, 'O'),
(4, 63, 'O'),
(4, 124, 'O'),
(4, 147, 'O'),
(4, 185, 'O'),
(4, 217, 'O'),
(4, 297, 'O'),
(4, 383, 'O'),
(4, 499, 'O'),
(4, 617, 'O'),
(4, 619, 'O'),
(4, 621, 'O'),
(4, 623, 'O'),
(6, 83, 'O'),
(1, 42, 'X'),
(1, 43, 'X'),
(1, 44, 'X'),
(1, 46, 'X'),
(1, 47, 'X'),
(1, 48, 'X'),
(1, 49, 'X'),
(1, 50, 'X'),
(1, 51, 'X'),
(1, 52, 'X'),
(1, 53, 'X'),
(1, 54, 'X'),
(1, 55, 'X'),
(1, 56, 'X'),
(1, 85, 'X'),
(1, 86, 'X'),
(1, 87, 'X'),
(1, 88, 'X'),
(1, 89, 'X'),
(1, 90, 'X'),
(1, 91, 'X'),
(1, 95, 'X'),
(1, 96, 'X'),
(1, 125, 'X'),
(1, 126, 'X'),
(1, 127, 'X'),
(1, 129, 'X'),
(1, 130, 'X'),
(1, 131, 'X'),
(1, 132, 'X'),
(1, 134, 'X'),
(1, 135, 'X'),
(1, 136, 'X'),
(1, 162, 'X'),
(1, 163, 'X'),
(1, 164, 'X'),
(1, 165, 'X'),
(1, 166, 'X'),
(1, 167, 'X'),
(1, 168, 'X'),
(1, 169, 'X'),
(1, 170, 'X'),
(1, 171, 'X'),
(1, 172, 'X'),
(1, 173, 'X'),
(1, 174, 'X'),
(1, 175, 'X'),
(1, 176, 'X'),
(1, 202, 'X'),
(1, 203, 'X'),
(1, 204, 'X'),
(1, 205, 'X'),
(1, 206, 'X'),
(1, 207, 'X'),
(1, 208, 'X'),
(1, 210, 'X'),
(1, 211, 'X'),
(1, 212, 'X'),
(1, 213, 'X'),
(1, 214, 'X'),
(1, 215, 'X'),
(1, 216, 'X'),
(1, 242, 'X'),
(1, 243, 'X'),
(1, 244, 'X'),
(1, 245, 'X'),
(1, 246, 'X'),
(1, 247, 'X'),
(1, 248, 'X'),
(1, 249, 'X'),
(1, 250, 'X'),
(1, 251, 'X'),
(1, 252, 'X'),
(1, 253, 'X'),
(1, 254, 'X'),
(1, 255, 'X'),
(1, 256, 'X'),
(1, 282, 'X'),
(1, 283, 'X'),
(1, 284, 'X'),
(1, 285, 'X'),
(1, 286, 'X'),
(1, 287, 'X'),
(1, 288, 'X'),
(1, 291, 'X'),
(1, 292, 'X'),
(1, 293, 'X'),
(1, 294, 'X'),
(1, 295, 'X'),
(1, 296, 'X'),
(1, 322, 'X'),
(1, 323, 'X'),
(1, 324, 'X'),
(1, 327, 'X'),
(1, 328, 'X'),
(1, 329, 'X'),
(1, 331, 'X'),
(1, 332, 'X'),
(1, 333, 'X'),
(1, 334, 'X'),
(1, 335, 'X'),
(1, 336, 'X'),
(1, 362, 'X'),
(1, 363, 'X'),
(1, 364, 'X'),
(1, 365, 'X'),
(1, 367, 'X'),
(1, 368, 'X'),
(1, 369, 'X'),
(1, 370, 'X'),
(1, 371, 'X'),
(1, 372, 'X'),
(1, 373, 'X'),
(1, 374, 'X'),
(1, 375, 'X'),
(1, 376, 'X'),
(1, 402, 'X'),
(1, 403, 'X'),
(1, 404, 'X'),
(1, 405, 'X'),
(1, 406, 'X'),
(1, 407, 'X'),
(1, 408, 'X'),
(1, 409, 'X'),
(1, 410, 'X'),
(1, 411, 'X'),
(1, 412, 'X'),
(1, 414, 'X'),
(1, 415, 'X'),
(1, 416, 'X'),
(1, 448, 'X'),
(1, 449, 'X'),
(1, 450, 'X'),
(1, 482, 'X'),
(1, 483, 'X'),
(1, 484, 'X'),
(1, 485, 'X'),
(1, 486, 'X'),
(1, 487, 'X'),
(1, 488, 'X'),
(1, 489, 'X'),
(1, 490, 'X'),
(1, 491, 'X'),
(1, 492, 'X'),
(1, 493, 'X'),
(1, 494, 'X'),
(1, 495, 'X'),
(1, 496, 'X'),
(1, 522, 'X'),
(1, 523, 'X'),
(1, 524, 'X'),
(1, 525, 'X'),
(1, 526, 'X'),
(1, 527, 'X'),
(1, 528, 'X'),
(1, 529, 'X'),
(1, 530, 'X'),
(1, 531, 'X'),
(1, 532, 'X'),
(1, 533, 'X'),
(1, 534, 'X'),
(1, 536, 'X'),
(1, 563, 'X'),
(1, 564, 'X'),
(1, 566, 'X'),
(1, 568, 'X'),
(1, 569, 'X'),
(1, 570, 'X'),
(1, 571, 'X'),
(1, 572, 'X'),
(1, 573, 'X'),
(1, 574, 'X'),
(1, 575, 'X'),
(1, 576, 'X'),
(1, 604, 'X'),
(1, 605, 'X'),
(1, 606, 'X'),
(1, 608, 'X'),
(1, 609, 'X'),
(1, 610, 'X'),
(1, 611, 'X'),
(1, 612, 'X'),
(1, 613, 'X'),
(1, 614, 'X'),
(1, 615, 'X'),
(1, 616, 'X'),
(1, 644, 'X'),
(1, 645, 'X'),
(1, 646, 'X'),
(1, 647, 'X'),
(1, 649, 'X'),
(1, 650, 'X'),
(1, 651, 'X'),
(1, 652, 'X'),
(1, 653, 'X'),
(1, 654, 'X'),
(1, 655, 'X'),
(1, 656, 'X'),
(1, 683, 'X'),
(1, 684, 'X'),
(1, 685, 'X'),
(1, 686, 'X'),
(1, 688, 'X'),
(1, 689, 'X'),
(1, 722, 'X'),
(1, 723, 'X'),
(1, 724, 'X'),
(1, 725, 'X'),
(1, 726, 'X'),
(1, 727, 'X'),
(1, 728, 'X'),
(1, 729, 'X'),
(1, 730, 'X'),
(1, 731, 'X'),
(1, 732, 'X'),
(1, 736, 'X'),
(1, 762, 'X'),
(1, 763, 'X'),
(1, 764, 'X'),
(1, 765, 'X'),
(1, 766, 'X'),
(1, 767, 'X'),
(1, 768, 'X'),
(1, 769, 'X'),
(1, 772, 'X'),
(1, 773, 'X'),
(1, 802, 'X'),
(1, 803, 'X'),
(1, 804, 'X'),
(1, 805, 'X'),
(1, 806, 'X'),
(1, 807, 'X'),
(1, 808, 'X'),
(1, 809, 'X'),
(1, 810, 'X'),
(1, 814, 'X'),
(1, 815, 'X'),
(1, 816, 'X'),
(2, 42, 'X'),
(2, 44, 'X'),
(2, 45, 'X'),
(2, 46, 'X'),
(2, 47, 'X'),
(2, 48, 'X'),
(2, 51, 'X'),
(2, 52, 'X'),
(2, 53, 'X'),
(2, 54, 'X'),
(2, 56, 'X'),
(2, 57, 'X'),
(2, 58, 'X'),
(2, 59, 'X'),
(2, 60, 'X'),
(2, 61, 'X'),
(2, 62, 'X'),
(2, 85, 'X'),
(2, 86, 'X'),
(2, 87, 'X'),
(2, 88, 'X'),
(2, 89, 'X'),
(2, 90, 'X'),
(2, 92, 'X'),
(2, 93, 'X'),
(2, 94, 'X'),
(2, 96, 'X'),
(2, 99, 'X'),
(2, 100, 'X'),
(2, 101, 'X'),
(2, 102, 'X'),
(2, 125, 'X'),
(2, 126, 'X'),
(2, 127, 'X'),
(2, 128, 'X'),
(2, 133, 'X'),
(2, 134, 'X'),
(2, 136, 'X'),
(2, 138, 'X'),
(2, 139, 'X'),
(2, 140, 'X'),
(2, 141, 'X'),
(2, 163, 'X'),
(2, 164, 'X'),
(2, 165, 'X'),
(2, 166, 'X'),
(2, 167, 'X'),
(2, 168, 'X'),
(2, 169, 'X'),
(2, 170, 'X'),
(2, 171, 'X'),
(2, 172, 'X'),
(2, 173, 'X'),
(2, 174, 'X'),
(2, 176, 'X'),
(2, 177, 'X'),
(2, 178, 'X'),
(2, 179, 'X'),
(2, 181, 'X'),
(2, 202, 'X'),
(2, 203, 'X'),
(2, 204, 'X'),
(2, 206, 'X'),
(2, 207, 'X'),
(2, 208, 'X'),
(2, 209, 'X'),
(2, 214, 'X'),
(2, 217, 'X'),
(2, 218, 'X'),
(2, 219, 'X'),
(2, 220, 'X'),
(2, 221, 'X'),
(2, 242, 'X'),
(2, 243, 'X'),
(2, 244, 'X'),
(2, 246, 'X'),
(2, 247, 'X'),
(2, 248, 'X'),
(2, 249, 'X'),
(2, 250, 'X'),
(2, 251, 'X'),
(2, 252, 'X'),
(2, 253, 'X'),
(2, 254, 'X'),
(2, 256, 'X'),
(2, 257, 'X'),
(2, 259, 'X'),
(2, 261, 'X'),
(2, 282, 'X'),
(2, 283, 'X'),
(2, 284, 'X'),
(2, 285, 'X'),
(2, 286, 'X'),
(2, 287, 'X'),
(2, 293, 'X'),
(2, 294, 'X'),
(2, 296, 'X'),
(2, 297, 'X'),
(2, 299, 'X'),
(2, 300, 'X'),
(2, 302, 'X'),
(2, 323, 'X'),
(2, 324, 'X'),
(2, 325, 'X'),
(2, 326, 'X'),
(2, 327, 'X'),
(2, 328, 'X'),
(2, 329, 'X'),
(2, 333, 'X'),
(2, 336, 'X'),
(2, 337, 'X'),
(2, 339, 'X'),
(2, 340, 'X'),
(2, 341, 'X'),
(2, 342, 'X'),
(2, 363, 'X'),
(2, 365, 'X'),
(2, 366, 'X'),
(2, 367, 'X'),
(2, 379, 'X'),
(2, 380, 'X'),
(2, 382, 'X'),
(2, 402, 'X'),
(2, 403, 'X'),
(2, 404, 'X'),
(2, 405, 'X'),
(2, 406, 'X'),
(2, 407, 'X'),
(2, 413, 'X'),
(2, 414, 'X'),
(2, 416, 'X'),
(2, 417, 'X'),
(2, 418, 'X'),
(2, 420, 'X'),
(2, 422, 'X'),
(2, 443, 'X'),
(2, 444, 'X'),
(2, 445, 'X'),
(2, 446, 'X'),
(2, 447, 'X'),
(2, 453, 'X'),
(2, 457, 'X'),
(2, 458, 'X'),
(2, 459, 'X'),
(2, 460, 'X'),
(2, 461, 'X'),
(2, 462, 'X'),
(2, 482, 'X'),
(2, 483, 'X'),
(2, 485, 'X'),
(2, 486, 'X'),
(2, 487, 'X'),
(2, 488, 'X'),
(2, 489, 'X'),
(2, 490, 'X'),
(2, 491, 'X'),
(2, 492, 'X'),
(2, 493, 'X'),
(2, 494, 'X'),
(2, 496, 'X'),
(2, 497, 'X'),
(2, 500, 'X'),
(2, 501, 'X'),
(2, 502, 'X'),
(2, 522, 'X'),
(2, 523, 'X'),
(2, 524, 'X'),
(2, 525, 'X'),
(2, 526, 'X'),
(2, 527, 'X'),
(2, 528, 'X'),
(2, 529, 'X'),
(2, 530, 'X'),
(2, 531, 'X'),
(2, 532, 'X'),
(2, 533, 'X'),
(2, 534, 'X'),
(2, 535, 'X'),
(2, 536, 'X'),
(2, 537, 'X'),
(2, 541, 'X'),
(2, 542, 'X'),
(2, 562, 'X'),
(2, 563, 'X'),
(2, 564, 'X'),
(2, 566, 'X'),
(2, 567, 'X'),
(2, 568, 'X'),
(2, 569, 'X'),
(2, 571, 'X'),
(2, 572, 'X'),
(2, 574, 'X'),
(2, 575, 'X'),
(2, 577, 'X'),
(2, 578, 'X'),
(2, 579, 'X'),
(2, 580, 'X'),
(2, 581, 'X'),
(2, 582, 'X'),
(2, 606, 'X'),
(2, 608, 'X'),
(2, 610, 'X'),
(2, 611, 'X'),
(2, 613, 'X'),
(2, 614, 'X'),
(2, 615, 'X'),
(2, 616, 'X'),
(2, 617, 'X'),
(2, 618, 'X'),
(2, 620, 'X'),
(2, 621, 'X'),
(2, 642, 'X'),
(2, 644, 'X'),
(2, 650, 'X'),
(2, 651, 'X'),
(2, 652, 'X'),
(2, 655, 'X'),
(2, 656, 'X'),
(2, 657, 'X'),
(2, 658, 'X'),
(2, 659, 'X'),
(2, 660, 'X'),
(2, 661, 'X'),
(2, 662, 'X'),
(2, 682, 'X'),
(2, 683, 'X'),
(2, 685, 'X'),
(2, 686, 'X'),
(2, 691, 'X'),
(2, 695, 'X'),
(2, 696, 'X'),
(2, 697, 'X'),
(2, 698, 'X'),
(2, 699, 'X'),
(2, 700, 'X'),
(2, 701, 'X'),
(2, 723, 'X'),
(2, 724, 'X'),
(2, 726, 'X'),
(2, 727, 'X'),
(2, 728, 'X'),
(2, 731, 'X'),
(2, 732, 'X'),
(2, 733, 'X'),
(2, 735, 'X'),
(2, 736, 'X'),
(2, 737, 'X'),
(2, 738, 'X'),
(2, 741, 'X'),
(2, 742, 'X'),
(2, 764, 'X'),
(2, 765, 'X'),
(2, 766, 'X'),
(2, 767, 'X'),
(2, 768, 'X'),
(2, 771, 'X'),
(2, 772, 'X'),
(2, 773, 'X'),
(2, 774, 'X'),
(2, 775, 'X'),
(2, 776, 'X'),
(2, 777, 'X'),
(2, 778, 'X'),
(2, 779, 'X'),
(2, 780, 'X'),
(2, 781, 'X'),
(2, 782, 'X'),
(2, 802, 'X'),
(2, 803, 'X'),
(2, 804, 'X'),
(2, 805, 'X'),
(2, 806, 'X'),
(2, 807, 'X'),
(2, 808, 'X'),
(2, 809, 'X'),
(2, 810, 'X'),
(2, 811, 'X'),
(2, 812, 'X'),
(2, 813, 'X'),
(2, 814, 'X'),
(2, 815, 'X'),
(2, 816, 'X'),
(2, 817, 'X'),
(2, 818, 'X'),
(2, 819, 'X'),
(2, 820, 'X'),
(2, 821, 'X'),
(3, 42, 'X'),
(3, 48, 'X'),
(3, 49, 'X'),
(3, 50, 'X'),
(3, 51, 'X'),
(3, 52, 'X'),
(3, 53, 'X'),
(3, 54, 'X'),
(3, 55, 'X'),
(3, 56, 'X'),
(3, 57, 'X'),
(3, 58, 'X'),
(3, 59, 'X'),
(3, 60, 'X'),
(3, 61, 'X'),
(3, 63, 'X'),
(3, 64, 'X'),
(3, 65, 'X'),
(3, 66, 'X'),
(3, 67, 'X'),
(3, 69, 'X'),
(3, 70, 'X'),
(3, 71, 'X'),
(3, 72, 'X'),
(3, 73, 'X'),
(3, 75, 'X'),
(3, 78, 'X'),
(3, 79, 'X'),
(3, 82, 'X'),
(3, 83, 'X'),
(3, 84, 'X'),
(3, 86, 'X'),
(3, 87, 'X'),
(3, 88, 'X'),
(3, 90, 'X'),
(3, 91, 'X'),
(3, 92, 'X'),
(3, 93, 'X'),
(3, 94, 'X'),
(3, 96, 'X'),
(3, 97, 'X'),
(3, 98, 'X'),
(3, 99, 'X'),
(3, 100, 'X'),
(3, 102, 'X'),
(3, 103, 'X'),
(3, 104, 'X'),
(3, 109, 'X'),
(3, 110, 'X'),
(3, 112, 'X'),
(3, 113, 'X'),
(3, 115, 'X'),
(3, 117, 'X'),
(3, 118, 'X'),
(3, 119, 'X'),
(3, 122, 'X'),
(3, 123, 'X'),
(3, 124, 'X'),
(3, 125, 'X'),
(3, 126, 'X'),
(3, 127, 'X'),
(3, 128, 'X'),
(3, 129, 'X'),
(3, 130, 'X'),
(3, 131, 'X'),
(3, 132, 'X'),
(3, 134, 'X'),
(3, 135, 'X'),
(3, 136, 'X'),
(3, 137, 'X'),
(3, 139, 'X'),
(3, 140, 'X'),
(3, 141, 'X'),
(3, 144, 'X'),
(3, 145, 'X'),
(3, 148, 'X'),
(3, 149, 'X'),
(3, 150, 'X'),
(3, 151, 'X'),
(3, 152, 'X'),
(3, 153, 'X'),
(3, 155, 'X'),
(3, 156, 'X'),
(3, 157, 'X'),
(3, 159, 'X'),
(3, 162, 'X'),
(3, 163, 'X'),
(3, 164, 'X'),
(3, 165, 'X'),
(3, 166, 'X'),
(3, 167, 'X'),
(3, 168, 'X'),
(3, 169, 'X'),
(3, 170, 'X'),
(3, 171, 'X'),
(3, 172, 'X'),
(3, 173, 'X'),
(3, 174, 'X'),
(3, 175, 'X'),
(3, 176, 'X'),
(3, 177, 'X'),
(3, 178, 'X'),
(3, 179, 'X'),
(3, 180, 'X'),
(3, 181, 'X'),
(3, 182, 'X'),
(3, 183, 'X'),
(3, 186, 'X'),
(3, 187, 'X'),
(3, 188, 'X'),
(3, 189, 'X'),
(3, 191, 'X'),
(3, 192, 'X'),
(3, 193, 'X'),
(3, 195, 'X'),
(3, 196, 'X'),
(3, 197, 'X'),
(3, 198, 'X'),
(3, 203, 'X'),
(3, 204, 'X'),
(3, 205, 'X'),
(3, 206, 'X'),
(3, 207, 'X'),
(3, 211, 'X'),
(3, 212, 'X'),
(3, 214, 'X'),
(3, 215, 'X'),
(3, 217, 'X'),
(3, 221, 'X'),
(3, 222, 'X'),
(3, 223, 'X'),
(3, 224, 'X'),
(3, 226, 'X'),
(3, 227, 'X'),
(3, 228, 'X'),
(3, 229, 'X'),
(3, 230, 'X'),
(3, 233, 'X'),
(3, 235, 'X'),
(3, 236, 'X'),
(3, 237, 'X'),
(3, 238, 'X'),
(3, 239, 'X'),
(3, 242, 'X'),
(3, 246, 'X'),
(3, 247, 'X'),
(3, 249, 'X'),
(3, 251, 'X'),
(3, 252, 'X'),
(3, 253, 'X'),
(3, 254, 'X'),
(3, 255, 'X'),
(3, 256, 'X'),
(3, 257, 'X'),
(3, 258, 'X'),
(3, 259, 'X'),
(3, 260, 'X'),
(3, 261, 'X'),
(3, 262, 'X'),
(3, 268, 'X'),
(3, 270, 'X'),
(3, 271, 'X'),
(3, 272, 'X'),
(3, 276, 'X'),
(3, 277, 'X'),
(3, 278, 'X'),
(3, 279, 'X'),
(3, 282, 'X'),
(3, 283, 'X'),
(3, 284, 'X'),
(3, 285, 'X'),
(3, 286, 'X'),
(3, 287, 'X'),
(3, 288, 'X'),
(3, 290, 'X'),
(3, 291, 'X'),
(3, 292, 'X'),
(3, 293, 'X'),
(3, 294, 'X'),
(3, 295, 'X'),
(3, 296, 'X'),
(3, 297, 'X'),
(3, 298, 'X'),
(3, 302, 'X'),
(3, 308, 'X'),
(3, 309, 'X'),
(3, 312, 'X'),
(3, 316, 'X'),
(3, 317, 'X'),
(3, 319, 'X'),
(3, 322, 'X'),
(3, 323, 'X'),
(3, 325, 'X'),
(3, 326, 'X'),
(3, 327, 'X'),
(3, 328, 'X'),
(3, 330, 'X'),
(3, 331, 'X'),
(3, 332, 'X'),
(3, 333, 'X'),
(3, 334, 'X'),
(3, 335, 'X'),
(3, 336, 'X'),
(3, 337, 'X'),
(3, 338, 'X'),
(3, 339, 'X'),
(3, 348, 'X'),
(3, 350, 'X'),
(3, 352, 'X'),
(3, 358, 'X'),
(3, 359, 'X'),
(3, 362, 'X'),
(3, 363, 'X'),
(3, 364, 'X'),
(3, 365, 'X'),
(3, 366, 'X'),
(3, 367, 'X'),
(3, 369, 'X'),
(3, 371, 'X'),
(3, 372, 'X'),
(3, 373, 'X'),
(3, 374, 'X'),
(3, 375, 'X'),
(3, 376, 'X'),
(3, 377, 'X'),
(3, 378, 'X'),
(3, 379, 'X'),
(3, 380, 'X'),
(3, 381, 'X'),
(3, 382, 'X'),
(3, 384, 'X'),
(3, 386, 'X'),
(3, 388, 'X'),
(3, 389, 'X'),
(3, 394, 'X'),
(3, 395, 'X'),
(3, 396, 'X'),
(3, 397, 'X'),
(3, 398, 'X'),
(3, 399, 'X'),
(3, 402, 'X'),
(3, 403, 'X'),
(3, 404, 'X'),
(3, 405, 'X'),
(3, 406, 'X'),
(3, 407, 'X'),
(3, 408, 'X'),
(3, 409, 'X'),
(3, 410, 'X'),
(3, 411, 'X'),
(3, 412, 'X'),
(3, 413, 'X'),
(3, 414, 'X'),
(3, 415, 'X'),
(3, 416, 'X'),
(3, 422, 'X'),
(3, 428, 'X'),
(3, 429, 'X'),
(3, 430, 'X'),
(3, 433, 'X'),
(3, 434, 'X'),
(3, 435, 'X'),
(3, 436, 'X'),
(3, 438, 'X'),
(3, 442, 'X'),
(3, 443, 'X'),
(3, 444, 'X'),
(3, 445, 'X'),
(3, 446, 'X'),
(3, 447, 'X'),
(3, 451, 'X'),
(3, 455, 'X'),
(3, 456, 'X'),
(3, 459, 'X'),
(3, 463, 'X'),
(3, 464, 'X'),
(3, 466, 'X'),
(3, 467, 'X'),
(3, 468, 'X'),
(3, 469, 'X'),
(3, 470, 'X'),
(3, 471, 'X'),
(3, 472, 'X'),
(3, 473, 'X'),
(3, 474, 'X'),
(3, 476, 'X'),
(3, 477, 'X'),
(3, 482, 'X'),
(3, 483, 'X'),
(3, 484, 'X'),
(3, 486, 'X'),
(3, 487, 'X'),
(3, 491, 'X'),
(3, 492, 'X'),
(3, 493, 'X'),
(3, 494, 'X'),
(3, 495, 'X'),
(3, 497, 'X'),
(3, 498, 'X'),
(3, 500, 'X'),
(3, 501, 'X'),
(3, 502, 'X'),
(3, 503, 'X'),
(3, 504, 'X'),
(3, 506, 'X'),
(3, 508, 'X'),
(3, 509, 'X'),
(3, 510, 'X'),
(3, 511, 'X'),
(3, 512, 'X'),
(3, 513, 'X'),
(3, 514, 'X'),
(3, 515, 'X'),
(3, 516, 'X'),
(3, 517, 'X'),
(3, 518, 'X'),
(3, 519, 'X'),
(3, 522, 'X'),
(3, 523, 'X'),
(3, 524, 'X'),
(3, 525, 'X'),
(3, 526, 'X'),
(3, 527, 'X'),
(3, 532, 'X'),
(3, 533, 'X'),
(3, 534, 'X'),
(3, 535, 'X'),
(3, 536, 'X'),
(3, 537, 'X'),
(3, 538, 'X'),
(3, 539, 'X'),
(3, 540, 'X'),
(3, 543, 'X'),
(3, 544, 'X'),
(3, 546, 'X'),
(3, 547, 'X'),
(3, 548, 'X'),
(3, 549, 'X'),
(3, 550, 'X'),
(3, 551, 'X'),
(3, 552, 'X'),
(3, 553, 'X'),
(3, 555, 'X'),
(3, 556, 'X'),
(3, 557, 'X'),
(3, 558, 'X'),
(3, 559, 'X'),
(3, 565, 'X'),
(3, 566, 'X'),
(3, 568, 'X'),
(3, 570, 'X'),
(3, 571, 'X'),
(3, 572, 'X'),
(3, 583, 'X'),
(3, 584, 'X'),
(3, 586, 'X'),
(3, 587, 'X'),
(3, 591, 'X'),
(3, 592, 'X'),
(3, 593, 'X'),
(3, 594, 'X'),
(3, 595, 'X'),
(3, 596, 'X'),
(3, 597, 'X'),
(3, 598, 'X'),
(3, 602, 'X'),
(3, 603, 'X'),
(3, 604, 'X'),
(3, 605, 'X'),
(3, 606, 'X'),
(3, 607, 'X'),
(3, 608, 'X'),
(3, 610, 'X'),
(3, 611, 'X'),
(3, 612, 'X'),
(3, 613, 'X'),
(3, 614, 'X'),
(3, 626, 'X'),
(3, 627, 'X'),
(3, 628, 'X'),
(3, 629, 'X'),
(3, 631, 'X'),
(3, 633, 'X'),
(3, 634, 'X'),
(3, 635, 'X'),
(3, 636, 'X'),
(3, 639, 'X'),
(3, 642, 'X'),
(3, 643, 'X'),
(3, 644, 'X'),
(3, 645, 'X'),
(3, 646, 'X'),
(3, 647, 'X'),
(3, 648, 'X'),
(3, 650, 'X'),
(3, 653, 'X'),
(3, 654, 'X'),
(3, 664, 'X'),
(3, 666, 'X'),
(3, 668, 'X'),
(3, 669, 'X'),
(3, 670, 'X'),
(3, 671, 'X'),
(3, 672, 'X'),
(3, 673, 'X'),
(3, 674, 'X'),
(3, 675, 'X'),
(3, 676, 'X'),
(3, 677, 'X'),
(3, 678, 'X'),
(3, 682, 'X'),
(3, 683, 'X'),
(3, 684, 'X'),
(3, 686, 'X'),
(3, 687, 'X'),
(3, 688, 'X'),
(3, 691, 'X'),
(3, 692, 'X'),
(3, 694, 'X'),
(3, 703, 'X'),
(3, 704, 'X'),
(3, 706, 'X'),
(3, 709, 'X'),
(3, 711, 'X'),
(3, 712, 'X'),
(3, 713, 'X'),
(3, 714, 'X'),
(3, 716, 'X'),
(3, 718, 'X'),
(3, 719, 'X'),
(3, 722, 'X'),
(3, 723, 'X'),
(3, 724, 'X'),
(3, 725, 'X'),
(3, 726, 'X'),
(3, 727, 'X'),
(3, 728, 'X'),
(3, 730, 'X'),
(3, 731, 'X'),
(3, 732, 'X'),
(3, 733, 'X'),
(3, 734, 'X'),
(3, 735, 'X'),
(3, 736, 'X'),
(3, 743, 'X'),
(3, 744, 'X'),
(3, 746, 'X'),
(3, 748, 'X'),
(3, 749, 'X'),
(3, 750, 'X'),
(3, 751, 'X'),
(3, 753, 'X'),
(3, 754, 'X'),
(3, 755, 'X'),
(3, 756, 'X'),
(3, 757, 'X'),
(3, 762, 'X'),
(3, 766, 'X'),
(3, 767, 'X'),
(3, 768, 'X'),
(3, 770, 'X'),
(3, 773, 'X'),
(3, 774, 'X'),
(3, 775, 'X'),
(3, 776, 'X'),
(3, 783, 'X'),
(3, 784, 'X'),
(3, 786, 'X'),
(3, 787, 'X'),
(3, 789, 'X'),
(3, 790, 'X'),
(3, 792, 'X'),
(3, 794, 'X'),
(3, 795, 'X'),
(3, 796, 'X'),
(3, 797, 'X'),
(3, 798, 'X'),
(3, 799, 'X'),
(3, 802, 'X'),
(3, 803, 'X'),
(3, 804, 'X'),
(3, 805, 'X'),
(3, 806, 'X'),
(3, 807, 'X'),
(3, 808, 'X'),
(3, 810, 'X'),
(3, 811, 'X'),
(3, 812, 'X'),
(3, 813, 'X'),
(3, 814, 'X'),
(3, 815, 'X'),
(3, 816, 'X'),
(3, 817, 'X'),
(3, 818, 'X'),
(3, 819, 'X'),
(3, 820, 'X'),
(3, 821, 'X'),
(3, 822, 'X'),
(3, 823, 'X'),
(3, 824, 'X'),
(3, 826, 'X'),
(3, 827, 'X'),
(3, 828, 'X'),
(3, 829, 'X'),
(3, 830, 'X'),
(3, 831, 'X'),
(3, 832, 'X'),
(3, 833, 'X'),
(3, 834, 'X'),
(3, 836, 'X'),
(3, 837, 'X'),
(3, 838, 'X'),
(3, 839, 'X'),
(4, 53, 'X'),
(4, 54, 'X'),
(4, 56, 'X'),
(4, 57, 'X'),
(4, 75, 'X'),
(4, 76, 'X'),
(4, 77, 'X'),
(4, 78, 'X'),
(4, 87, 'X'),
(4, 88, 'X'),
(4, 89, 'X'),
(4, 90, 'X'),
(4, 91, 'X'),
(4, 97, 'X'),
(4, 115, 'X'),
(4, 122, 'X'),
(4, 123, 'X'),
(4, 133, 'X'),
(4, 135, 'X'),
(4, 136, 'X'),
(4, 148, 'X'),
(4, 150, 'X'),
(4, 151, 'X'),
(4, 154, 'X'),
(4, 158, 'X'),
(4, 162, 'X'),
(4, 164, 'X'),
(4, 166, 'X'),
(4, 169, 'X'),
(4, 179, 'X'),
(4, 180, 'X'),
(4, 181, 'X'),
(4, 194, 'X'),
(4, 197, 'X'),
(4, 199, 'X'),
(4, 213, 'X'),
(4, 215, 'X'),
(4, 219, 'X'),
(4, 224, 'X'),
(4, 225, 'X'),
(4, 226, 'X'),
(4, 227, 'X'),
(4, 228, 'X'),
(4, 229, 'X'),
(4, 230, 'X'),
(4, 231, 'X'),
(4, 232, 'X'),
(4, 234, 'X'),
(4, 236, 'X'),
(4, 237, 'X'),
(4, 239, 'X'),
(4, 246, 'X'),
(4, 247, 'X'),
(4, 248, 'X'),
(4, 249, 'X'),
(4, 252, 'X'),
(4, 253, 'X'),
(4, 255, 'X'),
(4, 256, 'X'),
(4, 257, 'X'),
(4, 258, 'X'),
(4, 259, 'X'),
(4, 264, 'X'),
(4, 274, 'X'),
(4, 276, 'X'),
(4, 279, 'X'),
(4, 288, 'X'),
(4, 299, 'X'),
(4, 304, 'X'),
(4, 306, 'X'),
(4, 308, 'X'),
(4, 311, 'X'),
(4, 312, 'X'),
(4, 313, 'X'),
(4, 314, 'X'),
(4, 316, 'X'),
(4, 328, 'X'),
(4, 330, 'X'),
(4, 336, 'X'),
(4, 337, 'X'),
(4, 338, 'X'),
(4, 339, 'X'),
(4, 344, 'X'),
(4, 346, 'X'),
(4, 356, 'X'),
(4, 362, 'X'),
(4, 368, 'X'),
(4, 372, 'X'),
(4, 373, 'X'),
(4, 384, 'X'),
(4, 386, 'X'),
(4, 388, 'X'),
(4, 390, 'X'),
(4, 393, 'X'),
(4, 396, 'X'),
(4, 399, 'X'),
(4, 408, 'X'),
(4, 409, 'X'),
(4, 412, 'X'),
(4, 423, 'X'),
(4, 424, 'X'),
(4, 425, 'X'),
(4, 426, 'X'),
(4, 428, 'X'),
(4, 439, 'X'),
(4, 442, 'X'),
(4, 444, 'X'),
(4, 452, 'X'),
(4, 462, 'X'),
(4, 468, 'X'),
(4, 488, 'X'),
(4, 489, 'X'),
(4, 492, 'X'),
(4, 496, 'X'),
(4, 502, 'X'),
(4, 504, 'X'),
(4, 505, 'X'),
(4, 507, 'X'),
(4, 508, 'X'),
(4, 510, 'X'),
(4, 511, 'X'),
(4, 514, 'X'),
(4, 515, 'X'),
(4, 516, 'X'),
(4, 517, 'X'),
(4, 519, 'X'),
(4, 528, 'X'),
(4, 532, 'X'),
(4, 534, 'X'),
(4, 536, 'X'),
(4, 538, 'X'),
(4, 539, 'X'),
(4, 542, 'X'),
(4, 550, 'X'),
(4, 564, 'X'),
(4, 570, 'X'),
(4, 574, 'X'),
(4, 576, 'X'),
(4, 588, 'X'),
(4, 590, 'X'),
(4, 591, 'X'),
(4, 592, 'X'),
(4, 594, 'X'),
(4, 595, 'X'),
(4, 596, 'X'),
(4, 597, 'X'),
(4, 599, 'X'),
(4, 614, 'X'),
(4, 616, 'X'),
(4, 624, 'X'),
(4, 642, 'X'),
(4, 646, 'X'),
(4, 648, 'X'),
(4, 652, 'X'),
(4, 653, 'X'),
(4, 654, 'X'),
(4, 656, 'X'),
(4, 657, 'X'),
(4, 658, 'X'),
(4, 659, 'X'),
(4, 660, 'X'),
(4, 661, 'X'),
(4, 662, 'X'),
(4, 663, 'X'),
(4, 667, 'X'),
(4, 669, 'X'),
(4, 674, 'X'),
(4, 679, 'X'),
(4, 717, 'X'),
(4, 719, 'X'),
(4, 727, 'X'),
(4, 733, 'X'),
(4, 735, 'X'),
(4, 736, 'X'),
(4, 739, 'X'),
(4, 740, 'X'),
(4, 745, 'X'),
(4, 749, 'X'),
(4, 756, 'X'),
(4, 799, 'X'),
(4, 802, 'X'),
(4, 806, 'X'),
(4, 810, 'X'),
(4, 816, 'X'),
(4, 817, 'X'),
(4, 819, 'X'),
(4, 820, 'X'),
(4, 822, 'X'),
(4, 826, 'X'),
(4, 827, 'X'),
(4, 828, 'X'),
(4, 830, 'X'),
(6, 44, 'X'),
(6, 45, 'X'),
(6, 82, 'X'),
(6, 84, 'X'),
(6, 85, 'X'),
(6, 123, 'X'),
(6, 125, 'X'),
(6, 162, 'X'),
(6, 163, 'X'),
(6, 164, 'X'),
(6, 165, 'X'),
(1, 133, '^'),
(1, 366, '^'),
(1, 535, '^'),
(1, 642, '^'),
(1, 733, '^'),
(1, 734, '^'),
(1, 735, '^'),
(2, 180, '^'),
(2, 216, '^'),
(2, 411, '^'),
(2, 538, '^'),
(2, 565, '^'),
(2, 693, '^'),
(2, 702, '^'),
(2, 762, '^'),
(2, 822, '^'),
(3, 85, '^'),
(3, 111, '^'),
(3, 158, '^'),
(3, 202, '^'),
(3, 305, '^'),
(3, 344, '^'),
(3, 345, '^'),
(3, 346, '^'),
(3, 385, '^'),
(3, 431, '^'),
(3, 567, '^'),
(3, 632, '^'),
(3, 685, '^'),
(3, 747, '^'),
(3, 771, '^'),
(3, 772, '^'),
(3, 777, '^'),
(3, 778, '^'),
(3, 779, '^'),
(3, 780, '^'),
(3, 781, '^'),
(3, 782, '^'),
(3, 835, '^'),
(4, 42, '^'),
(4, 415, '^'),
(4, 420, '^'),
(6, 43, '^'),
(6, 124, '^'),
(1, 82, '_'),
(1, 84, '_'),
(1, 122, '_'),
(1, 123, '_'),
(1, 124, '_'),
(1, 289, '_'),
(1, 290, '_'),
(1, 330, '_'),
(1, 562, '_'),
(1, 565, '_'),
(1, 567, '_'),
(1, 602, '_'),
(1, 603, '_'),
(1, 607, '_'),
(1, 643, '_'),
(1, 648, '_'),
(1, 682, '_'),
(1, 687, '_'),
(2, 43, '_'),
(2, 82, '_'),
(2, 84, '_'),
(2, 91, '_'),
(2, 97, '_'),
(2, 98, '_'),
(2, 122, '_'),
(2, 123, '_'),
(2, 124, '_'),
(2, 129, '_'),
(2, 130, '_'),
(2, 131, '_'),
(2, 132, '_'),
(2, 137, '_'),
(2, 142, '_'),
(2, 162, '_'),
(2, 182, '_'),
(2, 222, '_'),
(2, 258, '_'),
(2, 262, '_'),
(2, 290, '_'),
(2, 291, '_'),
(2, 292, '_'),
(2, 298, '_'),
(2, 330, '_'),
(2, 332, '_'),
(2, 338, '_'),
(2, 368, '_'),
(2, 369, '_'),
(2, 373, '_'),
(2, 376, '_'),
(2, 377, '_'),
(2, 378, '_'),
(2, 408, '_'),
(2, 409, '_'),
(2, 448, '_'),
(2, 449, '_'),
(2, 454, '_'),
(2, 498, '_'),
(2, 499, '_'),
(2, 539, '_'),
(2, 540, '_'),
(2, 646, '_'),
(2, 647, '_'),
(2, 648, '_'),
(2, 649, '_'),
(2, 653, '_'),
(2, 654, '_'),
(2, 687, '_'),
(2, 688, '_'),
(2, 689, '_'),
(2, 690, '_'),
(2, 692, '_'),
(2, 694, '_'),
(2, 722, '_'),
(2, 729, '_'),
(2, 730, '_'),
(2, 734, '_'),
(2, 763, '_'),
(2, 769, '_'),
(2, 770, '_'),
(3, 68, '_'),
(3, 105, '_'),
(3, 107, '_'),
(3, 138, '_'),
(3, 184, '_'),
(3, 185, '_'),
(3, 190, '_'),
(3, 208, '_'),
(3, 209, '_'),
(3, 210, '_'),
(3, 218, '_'),
(3, 219, '_'),
(3, 220, '_'),
(3, 225, '_'),
(3, 231, '_'),
(3, 232, '_'),
(3, 248, '_'),
(3, 250, '_'),
(3, 289, '_'),
(3, 304, '_'),
(3, 306, '_'),
(3, 311, '_'),
(3, 343, '_'),
(3, 351, '_'),
(3, 368, '_'),
(3, 370, '_'),
(3, 390, '_'),
(3, 391, '_'),
(3, 392, '_'),
(3, 417, '_'),
(3, 418, '_'),
(3, 419, '_'),
(3, 432, '_'),
(3, 437, '_'),
(3, 439, '_'),
(3, 448, '_'),
(3, 449, '_'),
(3, 450, '_'),
(3, 457, '_'),
(3, 478, '_'),
(3, 479, '_'),
(3, 554, '_'),
(3, 573, '_'),
(3, 574, '_'),
(3, 575, '_'),
(3, 576, '_'),
(3, 577, '_'),
(3, 578, '_'),
(3, 579, '_'),
(3, 580, '_'),
(3, 581, '_'),
(3, 582, '_'),
(3, 588, '_'),
(3, 589, '_'),
(3, 590, '_'),
(3, 615, '_'),
(3, 616, '_'),
(3, 617, '_'),
(3, 618, '_'),
(3, 619, '_'),
(3, 620, '_'),
(3, 621, '_'),
(3, 622, '_'),
(3, 623, '_'),
(3, 624, '_'),
(3, 630, '_'),
(3, 655, '_'),
(3, 656, '_'),
(3, 657, '_'),
(3, 658, '_'),
(3, 660, '_'),
(3, 661, '_'),
(3, 662, '_'),
(3, 663, '_'),
(3, 667, '_'),
(3, 695, '_'),
(3, 696, '_'),
(3, 697, '_'),
(3, 698, '_'),
(3, 699, '_'),
(3, 700, '_'),
(3, 701, '_'),
(3, 702, '_'),
(3, 707, '_'),
(3, 708, '_'),
(3, 710, '_'),
(3, 788, '_'),
(3, 791, '_'),
(4, 55, '_'),
(4, 59, '_'),
(4, 60, '_'),
(4, 62, '_'),
(4, 64, '_'),
(4, 66, '_'),
(4, 67, '_'),
(4, 68, '_'),
(4, 69, '_'),
(4, 70, '_'),
(4, 71, '_'),
(4, 73, '_'),
(4, 84, '_'),
(4, 85, '_'),
(4, 86, '_'),
(4, 93, '_'),
(4, 99, '_'),
(4, 102, '_'),
(4, 104, '_'),
(4, 131, '_'),
(4, 137, '_'),
(4, 142, '_'),
(4, 144, '_'),
(4, 145, '_'),
(4, 146, '_'),
(4, 149, '_'),
(4, 152, '_'),
(4, 155, '_'),
(4, 157, '_'),
(4, 159, '_'),
(4, 165, '_'),
(4, 167, '_'),
(4, 168, '_'),
(4, 171, '_'),
(4, 172, '_'),
(4, 173, '_'),
(4, 175, '_'),
(4, 182, '_'),
(4, 192, '_'),
(4, 198, '_'),
(4, 202, '_'),
(4, 203, '_'),
(4, 205, '_'),
(4, 222, '_'),
(4, 242, '_'),
(4, 243, '_'),
(4, 245, '_'),
(4, 251, '_'),
(4, 261, '_'),
(4, 282, '_'),
(4, 283, '_'),
(4, 290, '_'),
(4, 291, '_'),
(4, 301, '_'),
(4, 302, '_'),
(4, 307, '_'),
(4, 309, '_'),
(4, 310, '_'),
(4, 319, '_'),
(4, 322, '_'),
(4, 323, '_'),
(4, 324, '_'),
(4, 325, '_'),
(4, 326, '_'),
(4, 333, '_'),
(4, 334, '_'),
(4, 335, '_'),
(4, 342, '_'),
(4, 359, '_'),
(4, 364, '_'),
(4, 366, '_'),
(4, 370, '_'),
(4, 389, '_'),
(4, 391, '_'),
(4, 392, '_'),
(4, 394, '_'),
(4, 395, '_'),
(4, 402, '_'),
(4, 404, '_'),
(4, 406, '_'),
(4, 410, '_'),
(4, 417, '_'),
(4, 418, '_'),
(4, 419, '_'),
(4, 422, '_'),
(4, 446, '_'),
(4, 450, '_'),
(4, 454, '_'),
(4, 456, '_'),
(4, 457, '_'),
(4, 479, '_'),
(4, 482, '_'),
(4, 484, '_'),
(4, 486, '_'),
(4, 490, '_'),
(4, 494, '_'),
(4, 498, '_'),
(4, 500, '_'),
(4, 506, '_'),
(4, 512, '_'),
(4, 513, '_'),
(4, 518, '_'),
(4, 522, '_'),
(4, 524, '_'),
(4, 526, '_'),
(4, 540, '_'),
(4, 541, '_'),
(4, 544, '_'),
(4, 548, '_'),
(4, 562, '_'),
(4, 566, '_'),
(4, 568, '_'),
(4, 571, '_'),
(4, 572, '_'),
(4, 584, '_'),
(4, 586, '_'),
(4, 593, '_'),
(4, 598, '_'),
(4, 602, '_'),
(4, 604, '_'),
(4, 606, '_'),
(4, 608, '_'),
(4, 626, '_'),
(4, 639, '_'),
(4, 644, '_'),
(4, 649, '_'),
(4, 650, '_'),
(4, 651, '_'),
(4, 664, '_'),
(4, 666, '_'),
(4, 668, '_'),
(4, 670, '_'),
(4, 671, '_'),
(4, 672, '_'),
(4, 673, '_'),
(4, 675, '_'),
(4, 676, '_'),
(4, 677, '_'),
(4, 682, '_'),
(4, 684, '_'),
(4, 722, '_'),
(4, 724, '_'),
(4, 725, '_'),
(4, 726, '_'),
(4, 728, '_'),
(4, 729, '_'),
(4, 730, '_'),
(4, 731, '_'),
(4, 732, '_'),
(4, 734, '_'),
(4, 737, '_'),
(4, 738, '_'),
(4, 741, '_'),
(4, 742, '_'),
(4, 743, '_'),
(4, 744, '_'),
(4, 746, '_'),
(4, 747, '_'),
(4, 748, '_'),
(4, 750, '_'),
(4, 751, '_'),
(4, 752, '_'),
(4, 753, '_'),
(4, 754, '_'),
(4, 755, '_'),
(4, 757, '_'),
(4, 759, '_'),
(4, 762, '_'),
(4, 803, '_'),
(4, 804, '_'),
(4, 805, '_'),
(4, 807, '_'),
(4, 808, '_'),
(4, 809, '_'),
(4, 811, '_'),
(4, 812, '_'),
(4, 813, '_'),
(4, 814, '_'),
(4, 815, '_'),
(4, 818, '_'),
(4, 821, '_'),
(4, 823, '_'),
(4, 824, '_'),
(4, 825, '_'),
(4, 829, '_'),
(4, 831, '_'),
(4, 832, '_'),
(4, 833, '_'),
(4, 834, '_'),
(4, 835, '_'),
(4, 836, '_'),
(4, 837, '_'),
(4, 838, '_'),
(4, 839, '_');

--
-- Contraintes pour les tables déchargées
--

--
-- Contraintes pour la table `space`
--
ALTER TABLE `space`
  ADD CONSTRAINT `space_Element1_FK` FOREIGN KEY (`sprite_ref`) REFERENCES `element` (`sprite_ref`),
  ADD CONSTRAINT `space_Location0_FK` FOREIGN KEY (`id_Location`) REFERENCES `location` (`id`),
  ADD CONSTRAINT `space_Map_FK` FOREIGN KEY (`id`) REFERENCES `map` (`id`);
COMMIT;

/*!40101 SET CHARACTER_SET_CLIENT=@OLD_CHARACTER_SET_CLIENT */;
/*!40101 SET CHARACTER_SET_RESULTS=@OLD_CHARACTER_SET_RESULTS */;
/*!40101 SET COLLATION_CONNECTION=@OLD_COLLATION_CONNECTION */;
